"id","external_tracker_id","imei","server_date_time","tracker_date_time","latitude","longitude","sat_number","coord_correctness","altitude","speed","direction","fuel_level","coolant_temperature","engine_speed","package_uid"
358202,2714,"869688052072453","2023-08-23 12:39:00.630234+00","2023-08-21 14:06:01+00",53.204586,50.148745,15,0,109,0,347.8,88,67,2002,"89126f86-0259-489f-8336-dfe89ad05769"
358204,2714,"869688052072453","2023-08-23 12:39:21.993156+00","2023-08-21 14:06:03+00",53.204503,50.148743,15,0,116,8.3,326.6,88,67,2330,"81e51f21-a38f-4980-af6f-7d3e1fea5cf1"
358206,2714,"869688052072453","2023-08-23 12:39:42.580003+00","2023-08-21 14:06:05+00",53.20452,50.148683,15,0,116,7.7,301.7,88,67,1086,"53945902-8c01-4574-8ba0-4619240eebd3"
358207,2714,"869688052072453","2023-08-23 12:39:52.80815+00","2023-08-21 14:06:04+00",53.204515,50.148713,15,0,116,7.9,311.1,88,67,1065,"53945902-8c01-4574-8ba0-4619240eebd3"
358212,2714,"869688052072453","2023-08-23 12:40:43.943575+00","2023-08-21 14:06:07+00",53.20453,50.148615,15,0,115,9,291.4,88,67,1051,"2aa866f4-a6a0-4c84-9e46-281632b681a1"
358215,2714,"869688052072453","2023-08-23 12:41:15.290077+00","2023-08-21 14:06:09+00",53.204536,50.148571,15,0,115,3.5,293.1,88,68,920,"0cf7553e-8e84-4b73-8cb1-37971992a5af"
358226,2714,"869688052072453","2023-08-23 12:43:08.578325+00","2023-08-21 14:06:12+00",53.204543,50.148511,15,0,114,7.9,279,88,68,1620,"a587b748-7c6c-4c85-b7b6-63ce27ef8530"
358227,2714,"869688052072453","2023-08-23 12:43:18.776727+00","2023-08-21 14:06:11+00",53.204536,50.148571,15,0,115,0,293.1,88,68,1620,"a587b748-7c6c-4c85-b7b6-63ce27ef8530"
358230,2714,"869688052072453","2023-08-23 12:43:49.51655+00","2023-08-21 14:06:14+00",53.204536,50.148448,15,0,113,7.4,267.8,88,68,1015,"69147918-c561-464c-b822-14992b97b8b9"
358232,2714,"869688052072453","2023-08-23 12:44:10.253996+00","2023-08-21 14:06:17+00",53.204496,50.148388,15,0,111,8.5,217.8,88,69,1218,"7679951c-311c-4d36-abdb-d0074df016d9"
358233,2714,"869688052072453","2023-08-23 12:44:20.986853+00","2023-08-21 14:06:16+00",53.204515,50.148406,15,0,112,4.4,232.4,88,68,1141,"7679951c-311c-4d36-abdb-d0074df016d9"
358234,2714,"869688052072453","2023-08-23 12:44:31.13133+00","2023-08-21 14:06:15+00",53.204528,50.148421,15,0,113,6.8,253,88,68,1023,"7679951c-311c-4d36-abdb-d0074df016d9"
358239,2714,"869688052072453","2023-08-23 12:45:22.653086+00","2023-08-21 14:06:21+00",53.204441,50.148316,15,0,106,8.8,227.9,88,69,1589,"1b07a615-ac0d-458f-b7c7-083069f5935b"
358244,2714,"869688052072453","2023-08-23 12:46:14.023279+00","2023-08-21 14:06:25+00",53.204365,50.148131,15,0,104,13.5,238.5,88,70,1975,"4f7abdc9-8583-4094-bbab-85d33d4df72e"
358247,2714,"869688052072453","2023-08-23 12:46:44.685296+00","2023-08-21 14:06:26+00",53.204365,50.148131,15,0,104,0,238.5,88,70,2165,"7f0de827-1eca-4a6d-a89a-33f62699bd8a"
358254,2714,"869688052072453","2023-08-23 12:47:57.199749+00","2023-08-21 14:06:27+00",53.204365,50.148131,15,0,104,0,238.5,88,70,2234,"89fae417-e8d1-4f2c-a122-fbcca2f053f4"
358256,2714,"869688052072453","2023-08-23 12:48:17.767876+00","2023-08-21 14:06:34+00",53.204145,50.147751,15,0,97,9.4,206.5,88,71,1245,"09068378-2bbc-4b04-a0b6-6eb84db5fb42"
358257,2714,"869688052072453","2023-08-23 12:48:27.931947+00","2023-08-21 14:06:33+00",53.204216,50.147793,15,0,101,0,231.7,88,71,1555,"09068378-2bbc-4b04-a0b6-6eb84db5fb42"
358258,2714,"869688052072453","2023-08-23 12:48:37.981547+00","2023-08-21 14:06:32+00",53.204216,50.147793,15,0,101,13.3,231.7,88,71,2168,"09068378-2bbc-4b04-a0b6-6eb84db5fb42"
358262,2714,"869688052072453","2023-08-23 12:49:19.957728+00","2023-08-21 14:06:36+00",53.20409,50.147756,15,0,94,9.6,168.1,88,71,976,"4b2126d6-c0d3-4c33-bc81-c5026ad1ec52"
358263,2714,"869688052072453","2023-08-23 12:49:30.139907+00","2023-08-21 14:06:35+00",53.204116,50.147748,15,0,95,9.4,184.9,88,71,1197,"4b2126d6-c0d3-4c33-bc81-c5026ad1ec52"
358266,2714,"869688052072453","2023-08-23 12:50:00.857601+00","2023-08-21 14:06:40+00",53.204006,50.147728,15,0,88,7.7,210.3,88,72,1651,"f3abe5df-04c7-44bd-8aec-93ed66d72a9e"
358267,2714,"869688052072453","2023-08-23 12:50:11.170831+00","2023-08-21 14:06:39+00",53.204023,50.14775,15,0,90,9,195.1,88,71,1392,"f3abe5df-04c7-44bd-8aec-93ed66d72a9e"
358271,2714,"869688052072453","2023-08-23 12:50:52.088032+00","2023-08-21 14:06:42+00",53.203961,50.14765,15,0,86,14.8,226.7,88,72,1761,"151c8a95-73b4-4eae-8cea-3bee586f5c34"
358275,2714,"869688052072453","2023-08-23 12:51:33.229913+00","2023-08-21 14:06:45+00",53.203905,50.147503,15,0,86,7,236,88,72,2073,"d174d555-0674-4491-be3b-0210992a64b6"
358281,2714,"869688052072453","2023-08-23 12:52:35.254583+00","2023-08-21 14:06:48+00",53.203873,50.14741,13,0,85,6.6,0,88,73,2077,"d10d1759-abdc-4231-810e-55824052434f"
358283,2714,"869688052072453","2023-08-23 12:52:56.386277+00","2023-08-21 14:06:53+00",53.203871,50.147338,12,0,82,2.4,0,88,74,1019,"82cf17c3-53fb-49c6-9a00-cee0c9300b97"
358288,2714,"869688052072453","2023-08-23 12:53:47.79092+00","2023-08-21 14:06:56+00",53.203875,50.147358,14,0,81,2.2,0,88,74,952,"f5f35078-0f46-4eab-9061-8767ebf755a4"
358334,2714,"869688052072453","2023-08-23 13:01:41.636942+00","2023-08-21 14:07:52+00",53.203875,50.147358,14,0,81,0,0,88,81,1108,"af2a1137-b6e5-4a81-ad5f-76144c70f119"
358338,2714,"869688052072453","2023-08-23 13:02:22.624405+00","2023-08-21 14:07:58+00",53.203533,50.147733,9,0,35,5.9,0,88,81,1339,"06b004e9-900a-48c7-9d97-0d44f8d17b34"
358342,2714,"869688052072453","2023-08-23 13:03:03.859487+00","2023-08-21 14:07:59+00",53.203518,50.147741,10,0,35,5.9,0,88,82,1080,"8a7066cd-4322-4c6e-8e5c-c6a877641542"
358352,2714,"869688052072453","2023-08-23 13:04:48.137887+00","2023-08-21 14:08:24+00",53.203518,50.147741,12,0,35,0,0,88,84,971,"48cc068d-1bb0-49f4-8ffa-0b5b4e84fa4b"
358356,2714,"869688052072453","2023-08-23 13:05:29.76635+00","2023-08-21 14:08:29+00",53.203518,50.147741,12,0,35,0,0,88,84,1047,"6b01cac9-ec43-46f1-a29d-0b1af1cbe2ae"
358361,2714,"869688052072453","2023-08-23 13:06:22.048192+00","2023-08-21 14:08:41+00",53.203518,50.147741,15,0,35,0,0,88,85,1665,"1af0ebca-cb09-48a6-a04f-e399e3a348b8"
358365,2714,"869688052072453","2023-08-23 13:07:03.566302+00","2023-08-21 14:08:42+00",53.203685,50.1458,15,0,130,12.5,317.9,88,85,1665,"8c4784af-bf8b-4e30-8143-417c395228cc"
358367,2714,"869688052072453","2023-08-23 13:07:24.423769+00","2023-08-21 14:08:47+00",53.203833,50.145561,14,0,128,17.5,312.2,88,86,1413,"52d30492-351b-4510-801e-da0a2a0c3a03"
358370,2714,"869688052072453","2023-08-23 13:07:55.938795+00","2023-08-21 14:08:50+00",53.20391,50.145453,14,0,127,11.2,321.1,88,85,950,"3605e978-8d5e-4efd-9b4e-40f250662430"
358373,2714,"869688052072453","2023-08-23 13:08:27.070219+00","2023-08-21 14:08:55+00",53.204078,50.145233,14,0,126,21.2,318.9,88,81,1427,"5cd69e85-0fd3-42fa-9cf2-9fccb432a5e3"
358376,2714,"869688052072453","2023-08-23 13:08:58.239728+00","2023-08-21 14:09:00+00",53.204273,50.14497,12,0,122,17.9,321.3,88,78,1081,"84c9eb17-a6d2-4c82-b6b4-830da472aa63"
358380,2714,"869688052072453","2023-08-23 13:09:39.993442+00","2023-08-21 14:09:05+00",53.204321,50.144726,12,0,119,14.6,258.7,88,77,1041,"86be9c7c-ccf8-4434-9aed-7eb770f59f3d"
358381,2714,"869688052072453","2023-08-23 13:09:50.342749+00","2023-08-21 14:09:04+00",53.204338,50.144791,14,0,119,9.8,290.5,88,77,1080,"86be9c7c-ccf8-4434-9aed-7eb770f59f3d"
358382,2714,"869688052072453","2023-08-23 13:10:00.802223+00","2023-08-21 14:09:03+00",53.204343,50.144838,14,0,120,11.2,309.8,88,77,970,"86be9c7c-ccf8-4434-9aed-7eb770f59f3d"
358389,2714,"869688052072453","2023-08-23 13:11:14.257647+00","2023-08-21 14:09:07+00",53.204268,50.144591,12,0,119,20,237.7,88,77,1364,"9e31cd47-4fcb-476b-8a83-5cd3b6fb8008"
358390,2714,"869688052072453","2023-08-23 13:11:24.538678+00","2023-08-21 14:09:06+00",53.2043,50.144663,11,0,119,16.4,245.2,88,77,1189,"9e31cd47-4fcb-476b-8a83-5cd3b6fb8008"
358405,2714,"869688052072453","2023-08-23 13:14:00.652121+00","2023-08-21 14:09:12+00",53.204111,50.144226,14,0,117,18.8,229.6,88,78,1038,"55b35ee1-5d7c-43cd-9c13-ee9da6e9b639"
358420,2714,"869688052072453","2023-08-23 13:16:37.34266+00","2023-08-21 14:09:17+00",53.20412,50.144171,15,0,119,0,237,88,79,1359,"b3eaa298-5200-4b8d-9523-5e50ff759461"
358435,2714,"869688052072453","2023-08-23 13:19:14.418494+00","2023-08-21 14:09:19+00",53.20412,50.144171,15,0,119,0,237,88,79,1662,"6cdb7fec-4cc5-4b6a-aa1a-77f5f6da99cf"
358436,2714,"869688052072453","2023-08-23 13:19:25.193478+00","2023-08-21 14:09:18+00",53.20412,50.144171,15,0,119,0,237,88,79,1052,"6cdb7fec-4cc5-4b6a-aa1a-77f5f6da99cf"
358452,2714,"869688052072453","2023-08-23 13:22:11.594979+00","2023-08-21 14:09:21+00",53.20419,50.144106,15,0,118,10.3,310.8,88,79,1522,"5ec7acaf-736f-48e5-ae55-de2231db3d44"
358453,2714,"869688052072453","2023-08-23 13:22:21.949971+00","2023-08-21 14:09:20+00",53.204166,50.144135,15,0,118,7.7,299.4,88,79,1662,"5ec7acaf-736f-48e5-ae55-de2231db3d44"
358468,2714,"869688052072453","2023-08-23 13:24:58.852489+00","2023-08-21 14:09:23+00",53.20425,50.144023,15,0,117,16.1,318,88,80,2152,"d86f4bc6-b5b6-4808-913e-6a06d3492947"
358483,2714,"869688052072453","2023-08-23 13:27:34.587295+00","2023-08-21 14:09:28+00",53.204476,50.143741,15,0,113,25.5,319.4,88,81,1790,"6e74b6b5-f3a5-47bb-9841-6679c7a2b2db"
358508,2714,"869688052072453","2023-08-23 13:31:53.217572+00","2023-08-21 14:09:33+00",53.204678,50.143471,13,0,110,15.7,309.1,88,82,1060,"666f8af1-acc9-4577-938b-19d977312942"
358511,2714,"869688052072453","2023-08-23 13:32:24.45461+00","2023-08-21 14:09:37+00",53.204745,50.143331,15,0,108,8.1,316.3,88,83,922,"6d75ca9c-f5a9-4c4f-9623-6c1e1bdef3c6"
358514,2714,"869688052072453","2023-08-23 13:32:56.056679+00","2023-08-21 14:09:38+00",53.204758,50.14331,15,0,107,6.8,321.2,88,83,940,"a148b8b1-2e16-47e3-ac72-d273d11046b8"
358516,2714,"869688052072453","2023-08-23 13:33:16.910558+00","2023-08-21 14:09:40+00",53.204758,50.14331,15,0,107,0,321.2,88,83,1044,"bd59312c-7f6b-436f-969e-51f5ed695c87"
358517,2714,"869688052072453","2023-08-23 13:33:27.292828+00","2023-08-21 14:09:45+00",53.204838,50.143203,15,0,106,0,326.8,88,84,960,"fd58914f-77a6-4274-a2e0-eb37c68aa716"
358523,2714,"869688052072453","2023-08-23 13:34:29.640388+00","2023-08-21 14:09:46+00",53.204838,50.143203,15,0,106,0,326.8,88,84,957,"b163e06f-20e9-4b0e-8046-71f2b377d3d1"
358527,2714,"869688052072453","2023-08-23 13:35:10.978612+00","2023-08-21 14:09:53+00",53.20494,50.143171,15,0,106,8.5,10.8,88,83,1051,"8567c3c0-7815-4450-b225-4a391eec5d83"
358528,2714,"869688052072453","2023-08-23 13:35:21.304057+00","2023-08-21 14:09:52+00",53.204916,50.143161,15,0,106,8.1,358.9,88,83,1090,"8567c3c0-7815-4450-b225-4a391eec5d83"
358529,2714,"869688052072453","2023-08-23 13:35:31.603395+00","2023-08-21 14:09:51+00",53.204838,50.143203,15,0,106,0,326.8,88,84,1175,"8567c3c0-7815-4450-b225-4a391eec5d83"
358530,2714,"869688052072453","2023-08-23 13:35:41.97679+00","2023-08-21 14:09:55+00",53.204965,50.143211,15,0,106,6.6,33.2,88,82,1181,"bab7135f-ea32-496f-871e-190471ec4967"
358531,2714,"869688052072453","2023-08-23 13:35:52.210477+00","2023-08-21 14:09:54+00",53.204955,50.143193,15,0,106,7.9,25.7,88,83,1149,"bab7135f-ea32-496f-871e-190471ec4967"
358536,2714,"869688052072453","2023-08-23 13:36:44.091178+00","2023-08-21 14:09:56+00",53.204976,50.143228,15,0,106,5.3,38.9,88,82,1000,"0d085c28-88ff-4cb5-8368-43f3c0b7b26e"
358540,2714,"869688052072453","2023-08-23 13:37:25.827762+00","2023-08-21 14:10:02+00",53.204976,50.143228,15,0,106,0,38.9,88,80,1411,"19b6f2cd-eba0-4777-a720-c793b2d26cd1"
358542,2714,"869688052072453","2023-08-23 13:37:47.281023+00","2023-08-21 14:10:04+00",53.20508,50.143375,15,0,106,18.5,51,88,80,2909,"ae21d62b-97c1-4b13-8679-7bc7fdd6cf51"
358546,2714,"869688052072453","2023-08-23 13:38:28.659299+00","2023-08-21 14:10:09+00",53.20534,50.143953,12,0,103,39.2,53.4,88,80,2753,"0d9af8ca-3cb7-4d19-8787-40653b7640c7"
358549,2714,"869688052072453","2023-08-23 13:38:59.637879+00","2023-08-21 14:10:14+00",53.205665,50.144688,12,0,101,40.5,54.2,88,81,2069,"9b5a8189-77dd-43f3-a706-831913051b58"
358550,2714,"869688052072453","2023-08-23 13:39:10.083203+00","2023-08-21 14:10:17+00",53.205798,50.14496,11,0,100,21.6,45.8,88,82,1010,"66008db1-9f25-4e1a-9ea1-f57cd1b46c71"
358553,2714,"869688052072453","2023-08-23 13:39:41.492002+00","2023-08-21 14:10:20+00",53.205821,50.145026,13,0,100,5.1,52,88,83,898,"6d278c36-8d72-4b7b-9a68-ba95302cb0fc"
358566,2714,"869688052072453","2023-08-23 13:41:56.377485+00","2023-08-21 14:10:32+00",53.205821,50.145026,13,0,100,0,52,88,83,949,"7baa09b9-1d77-4653-9ad1-f68b35ac0ff6"
358677,2714,"869688052072453","2023-08-23 14:01:04.5619+00","2023-08-21 14:12:32+00",53.205821,50.145026,15,0,100,0,52,88,88,1033,"19ccbb8a-9b42-4ee8-babb-fc9c3c6093ad"
358755,2714,"869688052072453","2023-08-23 14:14:30.611861+00","2023-08-21 14:13:34+00",53.205821,50.145026,15,0,100,0,52,88,91,1028,"622b2071-4ecd-4d00-9740-074d13c9bea0"
358764,2714,"869688052072453","2023-08-23 14:16:03.564944+00","2023-08-21 14:13:39+00",53.205821,50.145026,15,0,100,0,52,88,91,1169,"65916c93-1f72-45a5-a042-3b6f3062c842"
358879,2714,"869688052072453","2023-08-23 14:36:05.71878+00","2023-08-21 14:15:22+00",53.205821,50.145026,15,0,100,0,52,88,98,1952,"0ac76a36-f628-4451-8782-331db8728990"
358885,2714,"869688052072453","2023-08-23 14:37:08.372956+00","2023-08-21 14:15:23+00",53.207731,50.148821,15,0,108,16.8,50.6,88,98,1952,"e12f314d-61ee-41c0-aa28-21cc69e586e2"
358893,2714,"869688052072453","2023-08-23 14:38:33.062809+00","2023-08-21 14:15:27+00",53.207806,50.148971,15,0,108,8.5,50.1,88,99,984,"77a02574-47ad-4d0c-bd07-62721faa2ff0"
359010,2714,"869688052072453","2023-08-23 14:59:06.875344+00","2023-08-21 14:17:27+00",53.207806,50.148971,15,0,108,0,50.1,88,98,1046,"2d64ead5-e2a7-4d88-b78b-5b2503060b48"
359071,2714,"869688052072453","2023-08-23 15:09:55.120425+00","2023-08-21 14:19:01+00",53.207806,50.148971,15,0,108,0,50.1,88,99,1351,"69477e9b-0a41-440a-b184-365a01801bdd"
359073,2714,"869688052072453","2023-08-23 15:10:16.252997+00","2023-08-21 14:19:07+00",53.208891,50.151223,15,0,110,11.8,50.8,88,98,1529,"f8d64eda-45fa-4364-9a8b-c572de16583e"
359079,2714,"869688052072453","2023-08-23 15:11:20.050194+00","2023-08-21 14:19:12+00",53.209041,50.151521,15,0,110,27,51.4,88,98,1363,"182ce429-0d04-4af0-b00c-17db07211e8f"
359083,2714,"869688052072453","2023-08-23 15:12:02.156563+00","2023-08-21 14:19:17+00",53.209193,50.151851,15,0,111,7.4,53,88,98,927,"f68ac8b2-389c-4f80-b5d1-6c89240ffbe2"
359085,2714,"869688052072453","2023-08-23 15:12:23.244301+00","2023-08-21 14:19:18+00",53.209193,50.151851,15,0,111,0,53,88,98,950,"32f64824-c04c-46fd-ab14-8068a2e76ab7"
359149,2714,"869688052072453","2023-08-23 15:23:44.23097+00","2023-08-21 14:20:30+00",53.209193,50.151851,15,0,111,0,53,88,101,1188,"6f256dee-5d83-4a1b-b970-644479e318bf"
359151,2714,"869688052072453","2023-08-23 15:24:05.528561+00","2023-08-21 14:20:33+00",53.20932,50.152131,15,0,111,27.4,63.8,88,101,2728,"def9bd4a-a9f5-46c1-afb3-91fc69c72235"
359155,2714,"869688052072453","2023-08-23 15:24:48.514256+00","2023-08-21 14:20:38+00",53.209553,50.152831,15,0,111,43.7,58.6,88,99,2996,"905f1f98-cefa-46aa-be08-8432da4d4c13"
359160,2714,"869688052072453","2023-08-23 15:25:41.488094+00","2023-08-21 14:20:43+00",53.20988,50.153666,15,0,112,49.8,53.6,88,98,2338,"48c55e96-25f7-4bf9-a68a-3c672be938db"
359167,2714,"869688052072453","2023-08-23 15:26:56.441157+00","2023-08-21 14:20:48+00",53.210223,50.154428,15,0,113,41.8,52.9,88,97,2104,"2682011c-9cb1-4b05-9604-75e6f1016e94"
359171,2714,"869688052072453","2023-08-23 15:27:38.703364+00","2023-08-21 14:20:53+00",53.210396,50.154848,14,0,113,19.2,63.4,88,96,1298,"58b529a3-3ce5-4c18-b235-940453ccfb09"
359172,2714,"869688052072453","2023-08-23 15:27:49.688893+00","2023-08-21 14:20:54+00",53.210421,50.154925,14,0,113,21.2,61.7,88,96,1469,"db57cb8d-67f4-44ca-bddf-944353cd1e6a"
359182,2714,"869688052072453","2023-08-23 15:29:35.883018+00","2023-08-21 14:21:10+00",53.210421,50.154925,15,0,113,0,61.7,88,97,1322,"0a49896e-1db2-4ce4-b5aa-ba13ee0c44a8"
359185,2714,"869688052072453","2023-08-23 15:30:07.75056+00","2023-08-21 14:21:15+00",53.210421,50.154925,15,0,113,0,61.7,88,97,942,"806701f7-44c1-4c49-b284-b76c720b8b5f"
359188,2714,"869688052072453","2023-08-23 15:30:39.299253+00","2023-08-21 14:21:20+00",53.210853,50.156011,15,0,113,19,83.9,88,98,2175,"a0ccd019-231d-4365-ba77-363598cd1221"
359189,2714,"869688052072453","2023-08-23 15:30:49.936107+00","2023-08-21 14:21:19+00",53.210421,50.154925,15,0,113,0,61.7,88,98,2175,"a0ccd019-231d-4365-ba77-363598cd1221"
359191,2714,"869688052072453","2023-08-23 15:31:11.447821+00","2023-08-21 14:21:22+00",53.210791,50.156145,14,0,113,23.1,135.2,88,98,1459,"6dd8630a-d3f7-4041-99ab-c2794bbd9339"
359192,2714,"869688052072453","2023-08-23 15:31:22.006571+00","2023-08-21 14:21:21+00",53.210833,50.156085,14,0,113,19.4,109.7,88,98,2448,"6dd8630a-d3f7-4041-99ab-c2794bbd9339"
359196,2714,"869688052072453","2023-08-23 15:32:04.393984+00","2023-08-21 14:21:27+00",53.210475,50.156575,12,0,113,37.7,144.3,88,98,1766,"aba6ada8-81c8-46a9-9703-e47c9ca09e09"
359203,2714,"869688052072453","2023-08-23 15:33:19.151239+00","2023-08-21 14:21:32+00",53.21007,50.157058,12,0,114,40.9,144.2,88,99,1978,"8a99f1f3-74fc-4140-8238-f5844ef95c4a"
359207,2714,"869688052072453","2023-08-23 15:34:01.661402+00","2023-08-21 14:21:36+00",53.209743,50.1575,12,0,117,41.1,140.7,88,100,2032,"24a3ff67-5831-4495-a3d2-bdfb3ee82a21"
359222,2714,"869688052072453","2023-08-23 15:36:41.703097+00","2023-08-21 14:22:01+00",53.209743,50.1575,12,0,117,0,140.7,88,102,1058,"d7acffb5-f443-41a5-aa64-da5b9e6b26f4"
359227,2714,"869688052072453","2023-08-23 15:37:35.021032+00","2023-08-21 14:22:07+00",53.20889,50.158616,12,0,127,33.7,142.2,88,102,2168,"15d0d2d5-b257-40e7-86d6-275110ead428"
359233,2714,"869688052072453","2023-08-23 15:38:38.961853+00","2023-08-21 14:22:09+00",53.208735,50.158805,13,0,128,38.1,138.5,88,103,2647,"351f7af4-290c-4ed1-89d8-057c6a6381a0"
359239,2714,"869688052072453","2023-08-23 15:39:42.540729+00","2023-08-21 14:22:10+00",53.208661,50.158908,13,0,129,38.1,140.5,88,103,2647,"db4e7e1b-50d3-4562-a639-411df0b7f4ae"
359248,2714,"869688052072453","2023-08-23 15:41:18.547519+00","2023-08-21 14:22:15+00",53.208226,50.159433,12,0,129,44.6,142.1,88,102,2097,"8af047a1-da88-47e6-958d-a4ffbed6cdbd"
359249,2714,"869688052072453","2023-08-23 15:41:29.102913+00","2023-08-21 14:22:19+00",53.207871,50.159891,13,0,129,41.1,139.5,88,102,2174,"2c202241-b149-4fb6-8a52-99d735747538"
359257,2714,"869688052072453","2023-08-23 15:42:54.63184+00","2023-08-21 14:22:21+00",53.207871,50.159891,13,0,129,0,139.5,88,102,2126,"53b188da-120d-43b3-acaf-97113de9e113"
359263,2714,"869688052072453","2023-08-23 15:43:58.231207+00","2023-08-21 14:22:26+00",53.207871,50.159891,13,0,129,0,139.5,86,100,1610,"df33ed6b-62ca-4033-9c74-1c0ff57cf7de"
359267,2714,"869688052072453","2023-08-23 15:44:41.155483+00","2023-08-21 14:22:31+00",53.206731,50.161315,12,0,132,42.7,142.5,86,100,1098,"df03bb3d-af15-4010-977e-8ccaae35f285"
359273,2714,"869688052072453","2023-08-23 15:45:44.896842+00","2023-08-21 14:22:36+00",53.206281,50.16188,12,0,131,46.4,137.9,86,99,1575,"88335121-f345-4552-b1aa-c1330661fdb5"
359276,2714,"869688052072453","2023-08-23 15:46:17.509378+00","2023-08-21 14:22:41+00",53.20583,50.162453,13,0,135,37.9,144.1,86,98,1147,"7f08fcc1-2cc7-4a66-ad6b-3c85919ffc88"
359281,2714,"869688052072453","2023-08-23 15:47:10.693039+00","2023-08-21 14:22:43+00",53.20569,50.162635,13,0,138,33.5,142.2,86,98,962,"59781696-4208-4255-ba7f-47777e8c7726"
359286,2714,"869688052072453","2023-08-23 15:48:04.1599+00","2023-08-21 14:22:45+00",53.20569,50.162635,13,0,138,0,142.2,86,98,954,"f082b6f1-e8e7-430a-8a1b-935ebc21d829"
359290,2714,"869688052072453","2023-08-23 15:48:46.500157+00","2023-08-21 14:22:53+00",53.205076,50.1634,13,0,139,0,142.3,86,97,1884,"a498f5ef-5b5f-4b73-aa8b-b84ff5ac2b5b"
359291,2714,"869688052072453","2023-08-23 15:48:57.076859+00","2023-08-21 14:22:52+00",53.205076,50.1634,13,0,139,39.2,142.3,86,97,1860,"a498f5ef-5b5f-4b73-aa8b-b84ff5ac2b5b"
359292,2714,"869688052072453","2023-08-23 15:49:07.593729+00","2023-08-21 14:22:51+00",53.205156,50.163303,13,0,139,39.6,142.4,86,97,1870,"a498f5ef-5b5f-4b73-aa8b-b84ff5ac2b5b"
359295,2714,"869688052072453","2023-08-23 15:49:39.604751+00","2023-08-21 14:22:59+00",53.20466,50.164213,13,0,138,34.2,82.9,86,97,1616,"e645a6b4-5df4-49e2-8169-01c76b839b66"
359298,2714,"869688052072453","2023-08-23 15:50:11.540807+00","2023-08-21 14:23:01+00",53.204706,50.164401,15,0,138,20.1,59.1,86,97,1444,"64d4b0e6-d4f1-4e36-85a9-5230b5c3705f"
359299,2714,"869688052072453","2023-08-23 15:50:22.141677+00","2023-08-21 14:23:00+00",53.20468,50.164323,13,0,138,24.8,70.6,86,97,1616,"64d4b0e6-d4f1-4e36-85a9-5230b5c3705f"
359302,2714,"869688052072453","2023-08-23 15:50:54.10739+00","2023-08-21 14:23:06+00",53.204885,50.164841,14,0,136,35,55,86,98,1982,"2be6abbd-e747-4d83-a5fc-d2ae8013fac3"
359307,2714,"869688052072453","2023-08-23 15:51:47.531793+00","2023-08-21 14:23:11+00",53.20523,50.16569,14,0,135,54.6,55.4,86,98,2606,"c5d4bca9-7ea9-4754-97bd-54ce930d156b"
359310,2714,"869688052072453","2023-08-23 15:52:19.420769+00","2023-08-21 14:23:16+00",53.205651,50.166728,14,0,135,60.7,54.8,86,98,2033,"64478a3c-53c4-4986-9040-3c4334650e4d"
359315,2714,"869688052072453","2023-08-23 15:53:13.100419+00","2023-08-21 14:23:21+00",53.20599,50.167546,15,0,135,54.6,54.7,86,98,1342,"226ca790-521c-4485-98a4-b44e07e8a9cd"
359322,2714,"869688052072453","2023-08-23 15:54:27.389637+00","2023-08-21 14:23:26+00",53.206295,50.168291,15,0,135,22.2,55.1,86,98,972,"89a2c841-bc70-4131-94f2-d50a69eefadc"
359325,2714,"869688052072453","2023-08-23 15:54:58.914506+00","2023-08-21 14:23:29+00",53.206355,50.168441,15,0,135,7.4,54.5,86,98,949,"701a263c-5f2a-41ab-9cbf-05088dd1bd63"
359352,2714,"869688052072453","2023-08-23 15:59:44.745998+00","2023-08-21 14:24:02+00",53.206355,50.168441,15,0,135,0,54.5,86,102,1935,"fb81b376-b6fa-4012-8c71-05ae54372613"
359360,2714,"869688052072453","2023-08-23 16:01:09.646913+00","2023-08-21 14:24:07+00",53.206668,50.169218,15,0,135,16.8,55.1,86,102,1197,"6ff58a98-f7b9-46e2-a719-e6e29f7f78ce"
359365,2714,"869688052072453","2023-08-23 16:02:02.224207+00","2023-08-21 14:24:12+00",53.206785,50.169501,15,0,134,14.8,54.3,86,103,988,"095344bd-b8f6-4ce4-aa84-849c21da278b"
359367,2714,"869688052072453","2023-08-23 16:02:23.304434+00","2023-08-21 14:24:14+00",53.20683,50.16961,15,0,134,16.1,54.8,86,103,1156,"f51f654a-c8fa-427c-a33c-fa784e71f9a9"
359371,2714,"869688052072453","2023-08-23 16:03:06.206296+00","2023-08-21 14:24:15+00",53.20683,50.16961,15,0,134,0,54.8,86,103,1115,"053165cf-93b1-407c-9625-dc753d32394f"
359375,2714,"869688052072453","2023-08-23 16:03:48.252698+00","2023-08-21 14:24:20+00",53.206991,50.170011,15,0,134,22.5,55.9,86,103,1409,"67e41d20-0daa-4cf6-9c1b-eae991efad59"
359379,2714,"869688052072453","2023-08-23 16:04:30.716761+00","2023-08-21 14:24:25+00",53.207158,50.170413,15,0,133,22.5,55.1,86,102,1612,"bc911369-2f88-4182-85a8-66113d88861e"
359386,2714,"869688052072453","2023-08-23 16:05:44.00354+00","2023-08-21 14:24:26+00",53.207188,50.170485,15,0,133,20,54.8,86,101,1351,"70a6c49f-34e9-46dc-9cfb-7e59fd3b30f8"
359479,2714,"869688052072453","2023-08-23 16:22:04.642013+00","2023-08-21 14:26:26+00",53.207188,50.170485,15,0,133,0,54.8,86,100,930,"907949e2-9839-4cf2-8f70-d129368f4f0b"
359517,2714,"869688052072453","2023-08-23 16:28:46.557788+00","2023-08-21 14:27:11+00",53.207188,50.170485,15,0,133,0,54.8,86,98,1409,"b8f589c8-de99-4ba7-88e6-9e3938021a19"
359520,2714,"869688052072453","2023-08-23 16:29:18.25078+00","2023-08-21 14:27:17+00",53.208565,50.173353,15,0,133,34.4,46.5,86,99,2283,"3ce1e6f4-4afb-43a9-92f4-d5727937faa1"
359525,2714,"869688052072453","2023-08-23 16:30:11.015454+00","2023-08-21 14:27:22+00",53.208871,50.173888,15,0,133,36.1,46.1,86,100,2439,"ce6fa7eb-ec2e-4d32-af24-fed4022bf519"
359533,2714,"869688052072453","2023-08-23 16:31:35.731584+00","2023-08-21 14:27:27+00",53.209185,50.174446,15,0,132,35.7,46.2,86,100,1378,"2b0fa8e3-f61f-4bab-b48c-341beb0b5eac"
359537,2714,"869688052072453","2023-08-23 16:32:17.93896+00","2023-08-21 14:27:32+00",53.209458,50.174928,15,0,132,30,44.9,86,101,970,"ab18d46b-6e89-4a56-aeea-b633bb4c5ca6"
359542,2714,"869688052072453","2023-08-23 16:33:10.877695+00","2023-08-21 14:27:37+00",53.209708,50.175373,15,0,132,27.9,46.3,86,101,952,"d4093223-b833-4019-833d-e847d4f8dadd"
359546,2714,"869688052072453","2023-08-23 16:33:53.108372+00","2023-08-21 14:27:41+00",53.209845,50.175608,15,0,132,13.1,45.8,86,101,949,"d71701d5-a7ff-4da2-a873-d2f4691a487a"
359590,2714,"869688052072453","2023-08-23 16:41:43.358059+00","2023-08-21 14:28:40+00",53.209845,50.175608,15,0,132,0,45.8,86,99,2001,"0ccb1981-7fa8-49a6-a5dc-6a1420a5a328"
359596,2714,"869688052072453","2023-08-23 16:42:47.12706+00","2023-08-21 14:28:45+00",53.209845,50.175608,15,0,132,0,45.8,86,98,1754,"ae7cb443-e6a1-4020-b81a-63c38fe6fdf1"
359604,2714,"869688052072453","2023-08-23 16:44:11.723403+00","2023-08-21 14:28:50+00",53.209845,50.175608,15,0,132,0,45.8,86,98,970,"8ee8dc54-b50c-46a9-b1ad-d5921340f178"
359609,2714,"869688052072453","2023-08-23 16:45:04.895922+00","2023-08-21 14:28:55+00",53.210615,50.176918,15,0,130,8.1,46.3,86,98,977,"caddea36-aafe-438f-83d9-300e5713aef6"
359611,2714,"869688052072453","2023-08-23 16:45:25.993444+00","2023-08-21 14:28:56+00",53.210615,50.176918,15,0,130,0,46.3,86,98,985,"2ee5c1ec-b3df-4e16-8c6d-590f346620aa"
359616,2714,"869688052072453","2023-08-23 16:46:19.542309+00","2023-08-21 14:29:02+00",53.210615,50.176918,15,0,130,0,46.3,86,98,1435,"e923e54b-7d90-4f35-8c7c-65e62769c352"
359621,2714,"869688052072453","2023-08-23 16:47:12.435862+00","2023-08-21 14:29:07+00",53.210851,50.177336,15,0,130,19.2,46.3,86,99,1288,"da0fbc6b-3c47-4f6c-90bf-dfb2497c7a1d"
359623,2714,"869688052072453","2023-08-23 16:47:33.831412+00","2023-08-21 14:29:10+00",53.21093,50.177476,15,0,130,10.5,45.6,86,99,1012,"540b00b3-1005-495b-a8c2-5088858a810e"
359699,2714,"869688052072453","2023-08-23 17:00:59.942975+00","2023-08-21 14:30:50+00",53.21093,50.177476,15,0,130,0,45.6,86,100,2502,"9b291fcc-c0cb-4406-a035-c6dfbc1a7c8e"
359704,2714,"869688052072453","2023-08-23 17:01:53.330543+00","2023-08-21 14:30:56+00",53.211931,50.179215,15,0,128,15.3,46,86,101,935,"6a3c84ed-c12f-4a60-886b-72b8fd2f1d97"
359705,2714,"869688052072453","2023-08-23 17:02:03.909052+00","2023-08-21 14:30:59+00",53.212005,50.179336,15,0,127,11.2,46.1,86,101,944,"1f0f734d-93bb-494d-9c9f-862ad211d590"
359757,2714,"869688052072453","2023-08-23 17:11:13.718826+00","2023-08-21 14:31:48+00",53.212005,50.179336,15,0,127,0,46.1,86,98,1187,"de6d1424-5891-4744-83cb-7a37bb08e102"
359762,2714,"869688052072453","2023-08-23 17:12:06.488188+00","2023-08-21 14:31:53+00",53.212345,50.179891,15,0,127,14.2,46.9,86,97,959,"58fc8fdd-bd0a-423f-b1d5-cd69002c0c4f"
359770,2714,"869688052072453","2023-08-23 17:13:31.606599+00","2023-08-21 14:31:58+00",53.212465,50.180096,15,0,128,11.6,46,86,97,946,"de23a827-1a65-402a-a36c-13239d81a1dc"
359774,2714,"869688052072453","2023-08-23 17:14:14.349873+00","2023-08-21 14:32:01+00",53.212483,50.180133,15,0,129,0,46.3,86,97,969,"4f752673-d638-4e1f-8f80-43092d39cbb0"
359789,2714,"869688052072453","2023-08-23 17:16:54.059746+00","2023-08-21 14:32:14+00",53.212483,50.180133,15,0,129,0,46.3,86,98,1228,"0448bf77-fcfe-4393-b7ac-6bbb5d1059f7"
359794,2714,"869688052072453","2023-08-23 17:17:47.780242+00","2023-08-21 14:32:19+00",53.212818,50.180736,15,0,129,18.5,47.3,86,99,1260,"093a14eb-b064-4c53-a72d-dad96434d351"
359799,2714,"869688052072453","2023-08-23 17:18:40.768322+00","2023-08-21 14:32:20+00",53.212851,50.180795,15,0,129,18.5,46.2,86,99,1162,"91dbfe21-f152-4101-af9b-181a2bdeac82"
359809,2714,"869688052072453","2023-08-23 17:20:27.875603+00","2023-08-21 14:32:36+00",53.212851,50.180795,15,0,129,0,46.2,86,101,1202,"4bd98e67-9253-4067-a0ee-7814d1d28cfc"
359812,2714,"869688052072453","2023-08-23 17:20:59.911697+00","2023-08-21 14:32:42+00",53.213373,50.181708,15,0,128,15.9,44.7,86,101,1088,"51b12b37-626c-4e92-8320-f7c161f96c91"
359814,2714,"869688052072453","2023-08-23 17:21:21.53111+00","2023-08-21 14:32:44+00",53.213425,50.181801,15,0,128,13.7,45.5,86,101,976,"6a17c23b-4abe-44ce-8be1-f514ee74f520"
359818,2714,"869688052072453","2023-08-23 17:22:03.754494+00","2023-08-21 14:32:45+00",53.213425,50.181801,15,0,128,0,45.5,86,101,955,"b37b18a7-4290-414b-a971-3c1928e9cc60"
359823,2714,"869688052072453","2023-08-23 17:22:57.515593+00","2023-08-21 14:32:50+00",53.213535,50.181998,15,0,129,5.1,46,86,101,836,"67097189-300d-4d44-8873-31af688625ae"
359824,2714,"869688052072453","2023-08-23 17:23:08.141539+00","2023-08-21 14:32:51+00",53.213535,50.181998,15,0,129,0,46,86,101,831,"70fa5eb9-b28e-4853-95a8-07bee22a9ab3"
359846,2714,"869688052072453","2023-08-23 17:27:02.227651+00","2023-08-21 14:33:36+00",53.213535,50.181998,15,0,129,0,46,86,98,1689,"76e4b6a9-93bd-4d3d-b689-036d3aae73d6"
359848,2714,"869688052072453","2023-08-23 17:27:23.610601+00","2023-08-21 14:33:41+00",53.21385,50.182538,15,0,132,15,45.8,86,97,1037,"e48d840d-2188-405f-ac7a-3bd19e02c78e"
359850,2714,"869688052072453","2023-08-23 17:27:45.22024+00","2023-08-21 14:33:42+00",53.21385,50.182538,15,0,132,0,45.8,86,97,1067,"cae5f0dd-5386-477b-ae73-c8c71d1e63d4"
359853,2714,"869688052072453","2023-08-23 17:28:17.265532+00","2023-08-21 14:33:48+00",53.21385,50.182538,15,0,132,0,45.8,86,97,1518,"e8ee1f2d-348d-4cbb-875b-eb06f7376a01"
359859,2714,"869688052072453","2023-08-23 17:29:20.771147+00","2023-08-21 14:33:53+00",53.21385,50.182538,15,0,132,0,45.8,86,97,1494,"fe8ae8ab-7bd9-4055-90ae-51d4c4c93960"
359861,2714,"869688052072453","2023-08-23 17:29:42.487595+00","2023-08-21 14:33:58+00",53.21385,50.182538,15,0,132,0,45.8,86,98,1181,"3b4f1529-b34d-4ae2-a2c1-04be4e2a6e66"
359866,2714,"869688052072453","2023-08-23 17:30:35.856246+00","2023-08-21 14:34:03+00",53.214601,50.183815,15,0,133,8.1,46,86,98,969,"0f2ce1ea-d36a-4768-b298-fb919740ba9f"
359869,2714,"869688052072453","2023-08-23 17:31:08.606471+00","2023-08-21 14:34:04+00",53.214601,50.183815,15,0,133,0,46,86,98,972,"98cffe7d-2f07-4937-96bb-607c532098e4"
359897,2714,"869688052072453","2023-08-23 17:36:07.586532+00","2023-08-21 14:34:55+00",53.214601,50.183815,15,0,133,0,46,86,100,2215,"7fa6c0bb-4966-43f5-93d8-276b55702763"
359901,2714,"869688052072453","2023-08-23 17:36:50.028532+00","2023-08-21 14:35:01+00",53.215135,50.18469,15,0,132,26.6,46.1,86,99,1608,"07b3c708-ea83-470c-8197-7dcc90c79345"
359902,2714,"869688052072453","2023-08-23 17:37:00.575864+00","2023-08-21 14:35:06+00",53.215343,50.18505,15,0,132,19.6,45.2,86,99,1317,"37c71298-5757-4506-835f-4b2802160998"
359907,2714,"869688052072453","2023-08-23 17:37:54.524443+00","2023-08-21 14:35:10+00",53.215493,50.185301,15,0,132,22.2,45.3,86,99,1531,"7359a290-01b6-4880-a03c-f1d4a2ee4554"
359911,2714,"869688052072453","2023-08-23 17:38:37.155507+00","2023-08-21 14:35:12+00",53.215493,50.185301,15,0,132,0,45.3,86,99,1638,"55d4c961-044f-443a-b776-e47b5f61c4a1"
359915,2714,"869688052072453","2023-08-23 17:39:20.018518+00","2023-08-21 14:35:17+00",53.215791,50.185808,15,0,133,20.5,44.2,86,98,1344,"ce2c04bf-1988-4675-b7d4-49c6db945943"
359923,2714,"869688052072453","2023-08-23 17:40:45.249877+00","2023-08-21 14:35:22+00",53.215983,50.186088,15,0,133,14.2,39.9,86,98,1130,"8d30f212-57c9-4de9-bd13-78da3de6cb3d"
359926,2714,"869688052072453","2023-08-23 17:41:17.47984+00","2023-08-21 14:35:23+00",53.216008,50.186123,15,0,133,13.1,39.3,86,98,967,"73761fc3-624d-4c3a-96d9-a615a003c37d"
359936,2714,"869688052072453","2023-08-23 17:43:04.139098+00","2023-08-21 14:35:35+00",53.216008,50.186123,15,0,133,0,39.3,86,99,2397,"5ee5123c-894e-4b21-a319-6f86d863a148"
359938,2714,"869688052072453","2023-08-23 17:43:25.478992+00","2023-08-21 14:35:36+00",53.216345,50.18652,15,0,134,19.8,31.8,86,99,2048,"579551fb-f6a2-471e-bb21-fbf5fc4b37c3"
359939,2714,"869688052072453","2023-08-23 17:43:36.060545+00","2023-08-21 14:35:40+00",53.216521,50.186695,15,0,134,19.2,29.6,86,99,1128,"d4cabb9f-4539-4a0d-919b-ace1276d2e50"
359946,2714,"869688052072453","2023-08-23 17:44:50.889123+00","2023-08-21 14:35:47+00",53.216521,50.186695,15,0,134,0,29.6,86,101,1939,"075e3a28-3a84-401c-8be3-8a9f65fa9693"
359948,2714,"869688052072453","2023-08-23 17:45:12.175267+00","2023-08-21 14:35:52+00",53.216808,50.186935,15,0,133,10.7,23.2,86,101,1609,"8e5c5e76-0bb7-4386-8ff0-2ba5500d6e1f"
359950,2714,"869688052072453","2023-08-23 17:45:33.317916+00","2023-08-21 14:35:53+00",53.216808,50.186935,15,0,133,0,23.2,86,101,1345,"556ce242-1174-4df7-82d0-c90b8454e987"
359951,2714,"869688052072453","2023-08-23 17:45:43.992224+00","2023-08-21 14:35:57+00",53.216808,50.186935,15,0,133,0,23.2,86,102,1811,"1c16fcca-6d94-47f3-ba78-e6a3145a390b"
359957,2714,"869688052072453","2023-08-23 17:46:48.528279+00","2023-08-21 14:36:02+00",53.217088,50.187126,15,0,132,16.6,20.7,86,102,1925,"4d5f23ea-50fa-4fc1-8f82-ca7c162ad0f2"
359964,2714,"869688052072453","2023-08-23 17:48:03.527188+00","2023-08-21 14:36:06+00",53.217251,50.187235,15,0,132,15.9,21.3,86,102,1274,"abd3dc3e-f592-4e69-934f-74209b8e73ac"
359995,2714,"869688052072453","2023-08-23 17:53:34.781662+00","2023-08-21 14:36:41+00",53.217251,50.187235,15,0,132,0,21.3,86,100,2316,"059cea70-6af5-41c7-8890-8522fa634694"
360001,2714,"869688052072453","2023-08-23 17:54:38.800738+00","2023-08-21 14:36:47+00",53.217938,50.187676,15,0,132,35,21.4,86,100,2299,"de68cafe-9752-4862-81b7-79dd2eb41ae2"
360005,2714,"869688052072453","2023-08-23 17:55:21.43975+00","2023-08-21 14:36:52+00",53.218281,50.187906,15,0,132,24.8,21.3,86,99,1212,"b3dc3240-231a-41d2-bfd0-3d8fc12dd7bc"
360008,2714,"869688052072453","2023-08-23 17:55:53.417473+00","2023-08-21 14:36:57+00",53.218633,50.188146,15,0,131,33.5,21.8,86,99,1579,"c6c7c209-44a5-4f60-886b-61f434380197"
360011,2714,"869688052072453","2023-08-23 17:56:25.820587+00","2023-08-21 14:37:02+00",53.218988,50.18838,15,0,130,30,21.3,86,99,1374,"3fd0ea93-6dde-419f-b14d-6823ff5b7651"
360015,2714,"869688052072453","2023-08-23 17:57:08.484111+00","2023-08-21 14:37:07+00",53.219343,50.18862,15,0,130,24.8,21.3,86,99,1139,"66ff0a08-00fa-4ec9-b12e-f465193072f7"
360018,2714,"869688052072453","2023-08-23 17:57:40.418116+00","2023-08-21 14:37:10+00",53.219466,50.188701,15,0,129,13.3,21.2,86,99,940,"a54d463e-7268-4b55-81b5-47d2cda1b634"
360020,2714,"869688052072453","2023-08-23 17:58:01.989619+00","2023-08-21 14:37:12+00",53.219466,50.188701,15,0,129,0,21.2,86,99,930,"5aacad8c-c29c-4c4e-a536-c64d4c7d4c42"
360024,2714,"869688052072453","2023-08-23 17:58:44.675573+00","2023-08-21 14:37:17+00",53.219648,50.188825,15,0,129,8.8,21.3,86,99,1208,"3c096738-3568-4ebd-b073-d5f429b60c09"
360026,2714,"869688052072453","2023-08-23 17:59:06.051341+00","2023-08-21 14:37:18+00",53.219648,50.188825,15,0,129,0,21.3,86,99,1308,"5b77c025-a37e-4f72-be1e-c25159263bae"
360029,2714,"869688052072453","2023-08-23 17:59:38.491381+00","2023-08-21 14:37:22+00",53.219648,50.188825,15,0,129,0,21.3,86,98,1160,"0bdf5b66-d3a7-4f41-b057-94a25c15fac8"
360031,2714,"869688052072453","2023-08-23 17:59:59.856201+00","2023-08-21 14:37:27+00",53.219916,50.189005,15,0,129,5.1,21.2,86,98,989,"470cf48f-39e5-4dde-aacc-7c41c4d5e29d"
360033,2714,"869688052072453","2023-08-23 18:00:21.174158+00","2023-08-21 14:37:28+00",53.219916,50.189005,15,0,129,0,21.2,86,98,1801,"804b23e0-2c81-438e-a5b0-9fd6801acdae"
360038,2714,"869688052072453","2023-08-23 18:01:14.844247+00","2023-08-21 14:37:48+00",53.219916,50.189005,15,0,129,0,21.2,86,100,2346,"ef228982-a67b-4dd4-a248-e10d0324ddd2"
360039,2714,"869688052072453","2023-08-23 18:01:25.59926+00","2023-08-21 14:37:54+00",53.22098,50.189763,15,0,130,7.9,20.8,86,101,1375,"99b9b806-27e9-413d-92c1-619e3983a9b8"
360041,2714,"869688052072453","2023-08-23 18:01:46.97947+00","2023-08-21 14:37:56+00",53.220991,50.189771,15,0,130,0,20.6,86,101,898,"6650ee0c-0e9f-49d0-b37c-5de6e2b0543b"
360049,2714,"869688052072453","2023-08-23 18:03:13.47804+00","2023-08-21 14:38:25+00",53.221161,50.189846,15,0,130,8.5,13.4,86,101,1748,"5b25f1ae-66f7-4017-9ead-d94132ddce96"
360050,2714,"869688052072453","2023-08-23 18:03:24.144863+00","2023-08-21 14:38:24+00",53.220991,50.189771,15,0,130,0,20.6,86,101,1748,"5b25f1ae-66f7-4017-9ead-d94132ddce96"
360052,2714,"869688052072453","2023-08-23 18:03:45.453659+00","2023-08-21 14:38:28+00",53.221261,50.189906,15,0,130,17.7,20.9,86,101,2145,"377d90c1-1bb2-4d17-a278-937234c3d93d"
360053,2714,"869688052072453","2023-08-23 18:03:56.027149+00","2023-08-21 14:38:33+00",53.221516,50.19007,15,0,130,24.2,21.9,86,100,1507,"f71eccba-5ed6-4213-b8a6-d08862e9c1f8"
360057,2714,"869688052072453","2023-08-23 18:04:39.377138+00","2023-08-21 14:38:38+00",53.221883,50.190301,15,0,132,39.4,21.2,86,99,2538,"ffdf660e-7c01-4797-887d-a6a7b1985795"
360062,2714,"869688052072453","2023-08-23 18:05:32.610651+00","2023-08-21 14:38:43+00",53.222336,50.190623,13,0,131,40,21.4,86,98,2035,"0b823c13-6ef1-4f6a-bb5a-f13d6cc9e303"
360064,2714,"869688052072453","2023-08-23 18:05:54.003862+00","2023-08-21 14:38:48+00",53.222848,50.190961,15,0,135,46.1,22.3,86,98,2085,"611d1468-dd15-4adc-abfc-554843b095d3"
360067,2714,"869688052072453","2023-08-23 18:06:26.464914+00","2023-08-21 14:38:53+00",53.223423,50.191416,14,0,134,51.1,23.3,86,98,2537,"d90940e7-6d18-4d31-8788-276894101461"
360068,2714,"869688052072453","2023-08-23 18:06:37.149029+00","2023-08-21 14:38:58+00",53.224023,50.19179,12,0,134,51.4,21.5,86,98,2004,"173064ac-39b5-42a3-bc10-1501702987d8"
360069,2714,"869688052072453","2023-08-23 18:06:47.854012+00","2023-08-21 14:39:03+00",53.224655,50.192236,12,0,136,55.5,23.9,86,98,1817,"9a4aed01-c027-4047-8c42-3839beff39e3"
360074,2714,"869688052072453","2023-08-23 18:07:41.34896+00","2023-08-21 14:39:08+00",53.225375,50.19272,13,0,138,64.2,21.6,86,99,2056,"aed2a7dd-0175-4897-8fa1-0eeb5fba0c9d"
360075,2714,"869688052072453","2023-08-23 18:07:52.337517+00","2023-08-21 14:39:13+00",53.226151,50.193233,15,0,142,67.5,21.2,86,99,2195,"a042ccb3-0978-420b-aac9-bb0855779ec3"
360077,2714,"869688052072453","2023-08-23 18:08:13.767661+00","2023-08-21 14:39:18+00",53.226913,50.193731,15,0,146,59.2,23.3,86,99,1674,"bfc1ca98-61c9-4610-8c98-89f73c587d3e"
360079,2714,"869688052072453","2023-08-23 18:08:35.083132+00","2023-08-21 14:39:23+00",53.227498,50.194143,15,0,145,40.7,26.3,86,99,961,"b6f15fd0-a747-4118-ab30-ae772c32ecf5"
360083,2714,"869688052072453","2023-08-23 18:09:17.518719+00","2023-08-21 14:39:28+00",53.227833,50.19442,15,0,145,20.3,44,86,99,921,"ca7c89cd-b47c-4d12-b5b9-6ba0b7b76f01"
360084,2714,"869688052072453","2023-08-23 18:09:28.507262+00","2023-08-21 14:39:29+00",53.227855,50.194475,15,0,145,13.5,58.1,86,99,941,"27273873-c669-4d58-a315-162f8382605b"
360086,2714,"869688052072453","2023-08-23 18:09:49.635288+00","2023-08-21 14:39:32+00",53.227875,50.194525,15,0,146,0,67.3,86,99,974,"949014e8-09a5-49d6-af75-2ff7db3b4581"
360087,2714,"869688052072453","2023-08-23 18:10:00.191398+00","2023-08-21 14:39:31+00",53.227875,50.194525,15,0,146,4,67.3,86,99,968,"949014e8-09a5-49d6-af75-2ff7db3b4581"
360090,2714,"869688052072453","2023-08-23 18:10:32.014018+00","2023-08-21 14:39:41+00",53.227875,50.194525,15,0,146,0,67.3,86,99,1536,"463e3017-048d-4aca-819d-db81f519f25d"
360092,2714,"869688052072453","2023-08-23 18:10:53.402753+00","2023-08-21 14:39:44+00",53.227845,50.194718,15,0,147,20.9,132.1,86,99,2299,"413add4a-e5eb-4ebb-8ab5-75bf4d002c40"
360093,2714,"869688052072453","2023-08-23 18:11:04.347377+00","2023-08-21 14:39:43+00",53.227876,50.194658,15,0,147,15.9,112.6,86,99,1443,"413add4a-e5eb-4ebb-8ab5-75bf4d002c40"
360094,2714,"869688052072453","2023-08-23 18:11:14.897751+00","2023-08-21 14:39:42+00",53.22789,50.194603,15,0,147,9.8,97.7,86,99,1609,"413add4a-e5eb-4ebb-8ab5-75bf4d002c40"
360096,2714,"869688052072453","2023-08-23 18:11:36.137207+00","2023-08-21 14:39:45+00",53.227801,50.19478,15,0,146,24,140.5,86,100,3049,"33d4d35a-8d50-471c-896a-3c3cca4cc8aa"
360097,2714,"869688052072453","2023-08-23 18:11:46.762338+00","2023-08-21 14:39:50+00",53.227436,50.195241,15,0,146,44,142.4,86,100,2008,"db3c4f40-cd3b-4ef4-9f3f-19e6340d4515"
360100,2714,"869688052072453","2023-08-23 18:12:18.558072+00","2023-08-21 14:39:55+00",53.226943,50.195873,15,0,144,52.4,142.3,86,102,2459,"81d71b92-ee59-494a-8c2a-60282bfc0ceb"
360102,2714,"869688052072453","2023-08-23 18:12:39.895459+00","2023-08-21 14:40:00+00",53.226403,50.196563,15,0,143,54.8,141.6,86,102,2602,"dfc3e15c-ee46-456b-a3d4-d8f28fea85c4"
360103,2714,"869688052072453","2023-08-23 18:12:50.888325+00","2023-08-21 14:40:05+00",53.225905,50.197253,15,0,142,44,141,86,102,1412,"c5912dbe-3568-4309-b537-d0ceeb07f75c"
360105,2714,"869688052072453","2023-08-23 18:13:12.070883+00","2023-08-21 14:40:10+00",53.22554,50.19772,15,0,142,28.3,142.8,86,102,937,"4249dfc3-77fa-4443-8b86-43854796cd22"
360107,2714,"869688052072453","2023-08-23 18:13:33.259176+00","2023-08-21 14:40:11+00",53.225491,50.19778,15,0,142,22.7,143.2,86,102,956,"87dc51aa-320b-409c-9e1c-5d17951f81fc"
360129,2714,"869688052072453","2023-08-23 18:17:28.102408+00","2023-08-21 14:41:19+00",53.225491,50.19778,15,0,142,0,143.2,86,97,1953,"bf64a60f-c973-4297-bfb7-18cf34ab6d97"
360133,2714,"869688052072453","2023-08-23 18:18:11.372991+00","2023-08-21 14:41:24+00",53.225088,50.198206,14,0,144,16.6,143.6,86,97,1907,"9ecba00e-b973-4b19-b1d7-7ffd8f84d039"
360136,2714,"869688052072453","2023-08-23 18:18:43.361964+00","2023-08-21 14:41:28+00",53.224955,50.198413,15,0,143,20.3,127.2,86,97,2409,"d1273f6d-e3d2-4f02-82f7-7390de3e0c1c"
360137,2714,"869688052072453","2023-08-23 18:18:54.006977+00","2023-08-21 14:41:30+00",53.224935,50.198588,15,0,143,22.2,90.2,86,97,2855,"10266a6c-6e6a-491b-8acb-d3697762139a"
360138,2714,"869688052072453","2023-08-23 18:19:04.668696+00","2023-08-21 14:41:29+00",53.224936,50.198496,15,0,143,21.6,111.6,86,97,2618,"10266a6c-6e6a-491b-8acb-d3697762139a"
360141,2714,"869688052072453","2023-08-23 18:19:37.412934+00","2023-08-21 14:41:33+00",53.225031,50.198918,15,0,143,34.8,54.1,86,98,1951,"0182887d-b5fe-49f6-a2e8-bd3baca538bc"
360142,2714,"869688052072453","2023-08-23 18:19:47.949049+00","2023-08-21 14:41:32+00",53.224981,50.1988,15,0,143,29.6,63.7,86,98,1679,"0182887d-b5fe-49f6-a2e8-bd3baca538bc"
360143,2714,"869688052072453","2023-08-23 18:19:58.450627+00","2023-08-21 14:41:31+00",53.22495,50.19869,15,0,143,25.3,73.3,86,97,2381,"0182887d-b5fe-49f6-a2e8-bd3baca538bc"
360144,2714,"869688052072453","2023-08-23 18:20:09.093472+00","2023-08-21 14:41:38+00",53.225348,50.199626,15,0,144,43.1,52.6,86,98,2082,"e509001a-5fb4-4cd4-af67-2fe85a806708"
360148,2714,"869688052072453","2023-08-23 18:20:51.505195+00","2023-08-21 14:41:43+00",53.225706,50.200328,15,0,143,46.3,51.1,86,99,2137,"70a6c713-b0fc-42ac-b64d-9658ba1b2b34"
360150,2714,"869688052072453","2023-08-23 18:21:13.284054+00","2023-08-21 14:41:48+00",53.226056,50.201161,14,0,142,49.2,54.5,86,99,2375,"ae6e42e8-af13-4afe-bdf4-0be4655c65a6"
360151,2714,"869688052072453","2023-08-23 18:21:24.000676+00","2023-08-21 14:41:53+00",53.22633,50.20175,15,0,140,28.8,50.2,86,100,1042,"c1ae1c13-2d70-4b9a-9d98-81d8a3914466"
360152,2714,"869688052072453","2023-08-23 18:21:34.691888+00","2023-08-21 14:41:58+00",53.226511,50.202121,15,0,139,16.2,48,86,100,945,"104e9974-8ef4-4d19-a550-69db42ad96bf"
360155,2714,"869688052072453","2023-08-23 18:22:06.648635+00","2023-08-21 14:42:03+00",53.226595,50.202311,15,0,138,5.5,49.9,86,101,951,"bb96dc03-0e28-4144-b4f8-fd6e305603b4"
360157,2714,"869688052072453","2023-08-23 18:22:28.186062+00","2023-08-21 14:42:04+00",53.226595,50.202311,15,0,138,0,49.9,86,101,1003,"a37f6f29-0184-4c7c-85d2-f77ac6167c1b"
360169,2714,"869688052072453","2023-08-23 18:24:37.298113+00","2023-08-21 14:42:12+00",53.226595,50.202311,15,0,138,0,49.9,86,101,1934,"a17c9fb8-44d8-4b19-9e1b-8af4d119f9ae"
360173,2714,"869688052072453","2023-08-23 18:25:19.93361+00","2023-08-21 14:42:17+00",53.226825,50.20281,15,0,137,19.8,51.8,86,101,1338,"d96bc51d-b84b-42c6-a25d-eb333674a595"
360176,2714,"869688052072453","2023-08-23 18:25:51.859777+00","2023-08-21 14:42:22+00",53.227051,50.203288,15,0,136,40,51.4,86,101,2555,"73eba400-c1d6-4bb0-83a5-3cc173a309a0"
360180,2714,"869688052072453","2023-08-23 18:26:34.764019+00","2023-08-21 14:42:27+00",53.22739,50.204011,15,0,135,44.6,52.4,86,100,2114,"5cff031d-0d41-409e-9ee3-93e329f4eb9c"
360183,2714,"869688052072453","2023-08-23 18:27:06.416371+00","2023-08-21 14:42:32+00",53.227721,50.204758,15,0,137,41.8,53.2,86,100,2033,"708bc1e0-5fba-4fab-a821-1fb4a423401a"
360187,2714,"869688052072453","2023-08-23 18:27:48.961322+00","2023-08-21 14:42:37+00",53.228056,50.205471,13,0,137,45.5,51,86,99,2136,"aa5029c8-9d14-4dd3-8f8c-e05b074b35ec"
360188,2714,"869688052072453","2023-08-23 18:27:59.532016+00","2023-08-21 14:42:41+00",53.228338,50.206141,15,0,138,47.7,62.4,86,99,1747,"e4ed5e1d-a1f3-42e4-8f0f-f27e4e3f9832"
360194,2714,"869688052072453","2023-08-23 18:29:03.149467+00","2023-08-21 14:42:42+00",53.22838,50.206331,15,0,138,47.9,73.6,86,99,1423,"03ee8e8e-8826-4599-b260-df6781ff8d48"
360200,2714,"869688052072453","2023-08-23 18:30:06.605528+00","2023-08-21 14:42:43+00",53.228396,50.206548,15,0,139,50,82.5,86,99,1423,"81a2083a-6c96-4661-85cb-2e1581dd01b4"
360205,2714,"869688052072453","2023-08-23 18:30:59.207845+00","2023-08-21 14:42:49+00",53.22857,50.20759,14,0,141,35.9,40.7,86,99,923,"e9f20e5b-8edb-465e-83ec-179a5fb904c5"
360206,2714,"869688052072453","2023-08-23 18:31:10.140464+00","2023-08-21 14:42:48+00",53.228505,50.20748,15,0,141,38.1,54.5,86,99,981,"e9f20e5b-8edb-465e-83ec-179a5fb904c5"
360207,2714,"869688052072453","2023-08-23 18:31:20.653808+00","2023-08-21 14:42:47+00",53.228453,50.20734,15,0,141,41.1,69.1,86,99,1149,"e9f20e5b-8edb-465e-83ec-179a5fb904c5"
360211,2714,"869688052072453","2023-08-23 18:32:02.516598+00","2023-08-21 14:42:51+00",53.228731,50.207748,15,0,142,38.7,22.1,86,99,1194,"28f34e05-e75a-428f-b35f-f95c9cd36817"
360212,2714,"869688052072453","2023-08-23 18:32:13.029588+00","2023-08-21 14:42:50+00",53.228645,50.207678,15,0,142,36.2,31.5,86,99,970,"28f34e05-e75a-428f-b35f-f95c9cd36817"
360215,2714,"869688052072453","2023-08-23 18:32:44.997899+00","2023-08-21 14:42:56+00",53.229053,50.207928,15,0,144,8.3,19,86,98,950,"5a84b1fe-65f1-4c4c-96ed-d426aaf7c4b7"
360217,2714,"869688052072453","2023-08-23 18:33:05.917145+00","2023-08-21 14:42:59+00",53.229076,50.207946,15,0,144,0,20.2,86,98,953,"d9fa83fe-c616-49e9-8da3-b866c735abd2"
360239,2714,"869688052072453","2023-08-23 18:36:55.275431+00","2023-08-21 14:43:11+00",53.229076,50.207946,15,0,144,0,20.2,86,98,1496,"25611e0d-8c1a-4907-bfd8-2d664ac98a86"
360241,2714,"869688052072453","2023-08-23 18:37:16.185406+00","2023-08-21 14:43:12+00",53.229151,50.208025,15,0,141,15,32.6,86,98,1496,"ca4ddd25-50aa-45b8-ae04-2fa3f82bde30"
360246,2714,"869688052072453","2023-08-23 18:38:08.864572+00","2023-08-21 14:43:14+00",53.229218,50.208121,15,0,141,20,43.4,86,98,1115,"949a047f-b123-4f0d-9257-713411bf1a72"
360247,2714,"869688052072453","2023-08-23 18:38:19.374828+00","2023-08-21 14:43:18+00",53.229408,50.20848,15,0,141,35.7,51.7,86,98,2108,"00190e73-7c93-4211-84fd-190b44cd0bd4"
360257,2714,"869688052072453","2023-08-23 18:40:04.48943+00","2023-08-21 14:43:23+00",53.229735,50.20922,15,0,139,46.3,53.4,86,100,2265,"6d2eaac5-652d-458f-9051-8994910d5581"
360262,2714,"869688052072453","2023-08-23 18:40:57.348275+00","2023-08-21 14:43:28+00",53.229978,50.209751,15,0,138,23.8,52.5,86,100,960,"56ae15e7-41f5-4e90-940b-100dddf58e63"
360264,2714,"869688052072453","2023-08-23 18:41:18.868459+00","2023-08-21 14:43:33+00",53.230096,50.210001,15,0,137,12.4,52.6,86,101,1501,"8072e2fc-e74b-4d15-b292-17b5e2e83f5e"
360267,2714,"869688052072453","2023-08-23 18:41:50.530438+00","2023-08-21 14:43:38+00",53.230271,50.210388,15,0,136,31.1,51.8,86,101,2010,"1bae5849-7024-432a-9267-3c235fa8ee46"
360271,2714,"869688052072453","2023-08-23 18:42:32.510633+00","2023-08-21 14:43:43+00",53.230526,50.210951,15,0,135,32.5,53.3,86,101,1574,"d3d31847-e049-4d0c-be71-2d3afee4e874"
360276,2714,"869688052072453","2023-08-23 18:43:25.463353+00","2023-08-21 14:43:48+00",53.230816,50.211593,15,0,136,41.1,52.9,86,102,1911,"ab4aaf05-1c79-4a55-a2d8-5c7b7334f819"
360279,2714,"869688052072453","2023-08-23 18:43:57.008334+00","2023-08-21 14:43:53+00",53.231125,50.212271,15,0,136,33.8,52.7,86,102,1209,"5f659750-7dc5-4957-9ca5-74bb3267b29f"
360283,2714,"869688052072453","2023-08-23 18:44:39.312615+00","2023-08-21 14:43:58+00",53.231343,50.212751,15,0,137,24.2,53.1,86,102,966,"36fc09ba-e4d7-4ab4-8406-85973571eb2e"
360285,2714,"869688052072453","2023-08-23 18:45:00.197074+00","2023-08-21 14:44:03+00",53.231581,50.213278,15,0,137,36.6,53.2,86,102,1937,"541bcd37-93da-44ff-8abb-67aa378457f9"
360289,2714,"869688052072453","2023-08-23 18:45:42.075929+00","2023-08-21 14:44:08+00",53.231915,50.21401,15,0,138,47.4,52.6,86,101,1469,"9325d6f3-8445-4042-9f40-a20311bfbe98"
360293,2714,"869688052072453","2023-08-23 18:46:24.314312+00","2023-08-21 14:44:13+00",53.232311,50.214856,15,0,138,49.2,52.2,86,101,1599,"ed634997-8aa0-4a8a-a7c5-ed63ac1e49f5"
360295,2714,"869688052072453","2023-08-23 18:46:45.177829+00","2023-08-21 14:44:18+00",53.23256,50.215395,15,0,138,22.7,52.3,86,101,929,"67132fee-b250-426a-85b8-9df29540e7ae"
360297,2714,"869688052072453","2023-08-23 18:47:06.062345+00","2023-08-21 14:44:21+00",53.232651,50.2156,15,0,138,18.3,51.5,86,101,964,"e042735a-aa45-4f1a-9ac7-6ec622388301"
360300,2714,"869688052072453","2023-08-23 18:47:37.350658+00","2023-08-21 14:44:23+00",53.232651,50.2156,15,0,138,0,51.5,86,101,942,"97e5a841-caea-4226-b157-35eef23ebe09"
360304,2714,"869688052072453","2023-08-23 18:48:19.410165+00","2023-08-21 14:44:28+00",53.232771,50.215865,15,0,138,16.2,52.5,86,100,2032,"4fb46d0d-0bf5-4989-89a5-727e273f930d"
360306,2714,"869688052072453","2023-08-23 18:48:40.25129+00","2023-08-21 14:44:33+00",53.232991,50.216311,15,0,138,32,49.3,86,99,2050,"b4950ee4-622c-48a9-96fe-f0697e057329"
360310,2714,"869688052072453","2023-08-23 18:49:21.959006+00","2023-08-21 14:44:38+00",53.233301,50.216995,15,0,138,48.5,56.5,86,98,2113,"b53bb09b-c9ea-48b0-893b-152b0768cd9f"
360315,2714,"869688052072453","2023-08-23 18:50:14.358032+00","2023-08-21 14:44:43+00",53.233708,50.217903,15,0,138,56.4,52.2,86,98,1828,"1be40f39-6352-492c-9af7-2b3076cf3e5b"
360319,2714,"869688052072453","2023-08-23 18:50:56.316354+00","2023-08-21 14:44:48+00",53.234108,50.218758,15,0,137,49.2,52.7,86,98,1594,"9fc21701-f8e8-4233-a644-1b365334bfd4"
360323,2714,"869688052072453","2023-08-23 18:51:38.576562+00","2023-08-21 14:44:53+00",53.23444,50.219513,15,0,135,35,54.5,86,98,1000,"6c8e5c5d-f6b5-4cfe-bf68-fb35ca56a3d1"
360325,2714,"869688052072453","2023-08-23 18:51:59.446045+00","2023-08-21 14:44:58+00",53.234665,50.220098,15,0,134,28.7,53.9,86,98,2104,"58880167-b9d7-4dc0-8389-63b90a8a1424"
360327,2714,"869688052072453","2023-08-23 18:52:20.532128+00","2023-08-21 14:45:03+00",53.234766,50.220341,15,0,135,5,55.8,86,98,969,"49b58f18-15d2-41db-963b-5734e8f7f1dc"
360330,2714,"869688052072453","2023-08-23 18:52:52.337204+00","2023-08-21 14:45:06+00",53.23478,50.220385,15,0,135,2.4,56.3,86,98,1402,"2673f39f-1fc9-4594-b452-0f36ca1709fb"
360335,2714,"869688052072453","2023-08-23 18:53:44.936553+00","2023-08-21 14:45:22+00",53.23478,50.220385,15,0,135,0,56.3,86,99,2287,"6413832c-8df2-4c07-aec1-082d81631c14"
360337,2714,"869688052072453","2023-08-23 18:54:05.83697+00","2023-08-21 14:45:23+00",53.234798,50.220476,15,0,135,10,74.3,86,100,1676,"bfc24c3e-8ec7-4953-9383-c9fc20cbd429"
360338,2714,"869688052072453","2023-08-23 18:54:16.34669+00","2023-08-21 14:45:25+00",53.23477,50.220611,15,0,134,20.1,120.7,86,100,1943,"27b5c078-3b89-45ce-a257-bad2ecb99e50"
360339,2714,"869688052072453","2023-08-23 18:54:27.148676+00","2023-08-21 14:45:24+00",53.234793,50.220541,15,0,135,18.3,94.4,86,100,1943,"27b5c078-3b89-45ce-a257-bad2ecb99e50"
360346,2714,"869688052072453","2023-08-23 18:55:40.620013+00","2023-08-21 14:45:26+00",53.234726,50.22068,15,0,133,25,136.4,86,100,2629,"53d346cf-c559-4461-8c36-ddf7a8883492"
360347,2714,"869688052072453","2023-08-23 18:55:51.061713+00","2023-08-21 14:45:31+00",53.234365,50.221166,15,0,131,43.5,141.8,86,101,1903,"ba3a018b-7d3b-429f-9adf-39e26da8f609"
360349,2714,"869688052072453","2023-08-23 18:56:12.368962+00","2023-08-21 14:45:36+00",53.233918,50.221746,15,0,129,45.3,140.4,86,101,2170,"f8e166a8-492d-4456-97cb-4a6d14decfc9"
360351,2714,"869688052072453","2023-08-23 18:56:33.367013+00","2023-08-21 14:45:41+00",53.23348,50.222331,15,0,128,35.3,142.3,86,101,1955,"be60309d-6d8a-4ec4-9a3a-7dfeacc8a420"
360358,2714,"869688052072453","2023-08-23 18:57:46.885914+00","2023-08-21 14:45:46+00",53.233213,50.222676,15,0,127,36.6,140.9,86,100,1981,"e21dd10d-4acc-4c13-9ca2-020cf846443c"
360365,2714,"869688052072453","2023-08-23 18:59:00.278461+00","2023-08-21 14:46:01+00",53.231913,50.224415,14,0,119,20.3,140.5,86,100,951,"5cb63e86-e97f-4f12-bd82-0a58b526393e"
360366,2714,"869688052072453","2023-08-23 18:59:10.790972+00","2023-08-21 14:45:56+00",53.232255,50.223946,13,0,121,47.9,142.6,86,100,1102,"5cb63e86-e97f-4f12-bd82-0a58b526393e"
360367,2714,"869688052072453","2023-08-23 18:59:21.25568+00","2023-08-21 14:45:51+00",53.232761,50.223285,15,0,124,54.6,141.3,86,100,2521,"5cb63e86-e97f-4f12-bd82-0a58b526393e"
360370,2714,"869688052072453","2023-08-23 18:59:52.908489+00","2023-08-21 14:46:05+00",53.23186,50.224488,14,0,119,0,141.1,86,100,829,"aa7b260e-3630-424a-a202-3a8383ceffd5"
360411,2714,"869688052072453","2023-08-23 19:07:04.880428+00","2023-08-21 14:47:22+00",53.23186,50.224488,15,0,119,0,141.1,86,97,1556,"70181a4e-598a-4d8f-a942-f53f79c51975"
360415,2714,"869688052072453","2023-08-23 19:07:47.418328+00","2023-08-21 14:47:27+00",53.231471,50.22501,15,0,117,35.5,141.6,86,98,2311,"1f99ab7c-74e4-444c-bd63-aaaa1d514f82"
360418,2714,"869688052072453","2023-08-23 19:08:19.013056+00","2023-08-21 14:47:32+00",53.231071,50.225538,15,0,115,44.4,140.6,86,98,2068,"41478d21-92ba-4127-81d3-56dc41a5184a"
360421,2714,"869688052072453","2023-08-23 19:08:50.574869+00","2023-08-21 14:47:37+00",53.230708,50.226016,15,0,113,47.5,141.3,86,99,1583,"59c8dbd8-57f7-4290-b8d3-7b0b87d750d8"
360424,2714,"869688052072453","2023-08-23 19:09:22.323223+00","2023-08-21 14:47:42+00",53.230138,50.226775,15,0,110,49.8,141.3,86,99,1604,"ca68c386-3f1f-41d1-9595-e5c65de9713b"
360427,2714,"869688052072453","2023-08-23 19:09:53.921051+00","2023-08-21 14:47:47+00",53.229651,50.227415,15,0,107,49.4,141.6,86,99,1631,"833b059d-9f6a-4920-8d8f-dfac626ba51a"
360430,2714,"869688052072453","2023-08-23 19:10:25.257848+00","2023-08-21 14:47:52+00",53.229173,50.228046,15,0,105,47.5,141.3,86,99,1580,"c2f70dec-6781-4ae0-841d-a05df41cfecf"
360433,2714,"869688052072453","2023-08-23 19:10:56.731324+00","2023-08-21 14:47:57+00",53.228743,50.228606,15,0,103,42.5,141.1,86,99,1395,"60715f46-de79-4382-a7f8-c439c6a0b84f"
360436,2714,"869688052072453","2023-08-23 19:11:28.744817+00","2023-08-21 14:48:02+00",53.228315,50.229176,14,0,103,44.8,141.5,86,99,1446,"3b9e79d8-30c1-4add-a24f-dd2584c2b588"
360439,2714,"869688052072453","2023-08-23 19:12:00.155775+00","2023-08-21 14:48:07+00",53.227876,50.22977,13,0,103,46.6,142.6,86,98,1506,"8678b9b8-f44c-449b-b74f-ee8455ff6cee"
360442,2714,"869688052072453","2023-08-23 19:12:31.592341+00","2023-08-21 14:48:12+00",53.227418,50.230391,14,0,104,47.2,140.8,86,98,1543,"b4d3ed33-203f-4de4-844c-e9d3a163addb"
360444,2714,"869688052072453","2023-08-23 19:12:52.77173+00","2023-08-21 14:48:17+00",53.226973,50.231,14,0,105,45.9,139.9,86,98,1510,"003fe017-9d90-43f2-aa17-e59c7e9738a8"
360449,2714,"869688052072453","2023-08-23 19:13:45.074141+00","2023-08-21 14:48:22+00",53.226515,50.23159,13,0,102,47.5,141.8,86,98,1554,"55617905-3d38-4a6b-8b85-ea6f158098e5"
360451,2714,"869688052072453","2023-08-23 19:14:05.822247+00","2023-08-21 14:48:27+00",53.22605,50.232203,15,0,101,43.1,142.3,86,98,1207,"a347087a-1d08-474e-a9d1-dc060d9a7070"
360456,2714,"869688052072453","2023-08-23 19:14:58.260279+00","2023-08-21 14:48:32+00",53.225743,50.232616,13,0,99,12.5,142,86,98,966,"a1b482a6-21bc-4824-b921-b35ac53d6df8"
360458,2714,"869688052072453","2023-08-23 19:15:19.075599+00","2023-08-21 14:48:35+00",53.225728,50.232636,14,0,99,0,142,86,98,950,"c607eb39-56b9-4820-a970-db07824170d0"
360497,2714,"869688052072453","2023-08-23 19:22:09.184068+00","2023-08-21 14:49:47+00",53.225728,50.232636,15,0,99,0,142,86,99,1051,"305a7831-d191-4de5-8677-b14a75fe9549"
360498,2714,"869688052072453","2023-08-23 19:22:19.638198+00","2023-08-21 14:49:48+00",53.225488,50.23292,15,0,92,16.2,151.5,86,99,1558,"60b95757-714b-45bf-9d6d-cfed61d304fd"
360500,2714,"869688052072453","2023-08-23 19:22:40.682418+00","2023-08-21 14:49:53+00",53.225135,50.233175,15,0,90,40.7,159.9,86,98,2598,"0b91c283-30be-4391-8e92-63fc345cae2e"
360505,2714,"869688052072453","2023-08-23 19:23:33.936059+00","2023-08-21 14:49:58+00",53.224578,50.233521,15,0,87,51.3,159.1,86,98,2400,"d2f35335-cb0b-4bc5-b22a-2ae4c28f6958"
360506,2714,"869688052072453","2023-08-23 19:23:44.492241+00","2023-08-21 14:50:00+00",53.224346,50.233693,14,0,86,50.1,151.3,86,98,2411,"08a3978f-71c8-47f0-9d34-4058656e8fec"
360510,2714,"869688052072453","2023-08-23 19:24:26.664789+00","2023-08-21 14:50:03+00",53.224036,50.234048,14,0,84,50.9,143.6,86,98,2404,"1f992903-bd34-4516-812f-e08563808776"
360512,2714,"869688052072453","2023-08-23 19:24:47.570093+00","2023-08-21 14:50:08+00",53.22359,50.234553,14,0,82,31.6,144.1,86,98,986,"1c8b2d6c-11b3-4412-ac35-cf1abd4b8768"
360514,2714,"869688052072453","2023-08-23 19:25:08.644237+00","2023-08-21 14:50:13+00",53.223416,50.234758,15,0,82,5.5,143.4,86,98,946,"2b2823eb-2354-4f86-9674-c84b714edb8f"
360519,2714,"869688052072453","2023-08-23 19:26:00.803174+00","2023-08-21 14:50:16+00",53.223416,50.234758,15,0,82,0,143.4,86,98,952,"4a536f40-cd89-46be-9d12-c03e8827403d"
360540,2714,"869688052072453","2023-08-23 19:29:42.439841+00","2023-08-21 14:50:53+00",53.223416,50.234758,15,0,82,0,143.4,86,101,2140,"79332626-5a3f-4653-ae4d-0fbed639d2a1"
360541,2714,"869688052072453","2023-08-23 19:29:52.800907+00","2023-08-21 14:50:56+00",53.22329,50.234903,15,0,90,18.5,163,86,101,2201,"fa53b3f9-e666-4fa4-b3a4-3fb363dfd8d8"
360542,2714,"869688052072453","2023-08-23 19:30:03.249879+00","2023-08-21 14:50:57+00",53.223243,50.2349,15,0,90,18.7,185.2,86,101,2330,"05e277fd-3d4c-4380-8039-e7f48ceb72f7"
360544,2714,"869688052072453","2023-08-23 19:30:24.112074+00","2023-08-21 14:50:59+00",53.22315,50.23476,15,0,88,29.2,236.7,86,101,1760,"7cdcbf28-75bd-44e2-9197-b4953267cf42"
360545,2714,"869688052072453","2023-08-23 19:30:34.528595+00","2023-08-21 14:50:58+00",53.223193,50.23485,15,0,88,24.6,212,86,101,1484,"7cdcbf28-75bd-44e2-9197-b4953267cf42"
360549,2714,"869688052072453","2023-08-23 19:31:16.901097+00","2023-08-21 14:51:04+00",53.222868,50.234125,14,0,88,44.4,232.3,86,100,1951,"8704b521-d27b-4213-97ce-5858602d067a"
360553,2714,"869688052072453","2023-08-23 19:31:58.900739+00","2023-08-21 14:51:09+00",53.222478,50.233273,14,0,88,53.5,232.7,86,100,1768,"d9d0296a-542f-497c-aab8-1353f79aae45"
360557,2714,"869688052072453","2023-08-23 19:32:41.113667+00","2023-08-21 14:51:14+00",53.222046,50.23237,15,0,90,54,231.9,86,100,1800,"f2abff0a-6960-4666-ad41-0784dd4dca3b"
360558,2714,"869688052072453","2023-08-23 19:32:51.885717+00","2023-08-21 14:51:19+00",53.22166,50.231493,14,0,92,51.1,234.6,86,99,1677,"0ddb6996-4072-4a40-8af7-8ce83f8c2b45"
360560,2714,"869688052072453","2023-08-23 19:33:12.892125+00","2023-08-21 14:51:24+00",53.221255,50.230696,15,0,99,50,230.5,86,99,1646,"98a6b6dc-0b8b-4f56-867b-28e54a1a2f2e"
360563,2714,"869688052072453","2023-08-23 19:33:44.065589+00","2023-08-21 14:51:29+00",53.220843,50.229851,15,0,102,53.1,232,86,98,1749,"d85c41c7-899e-47e1-b0d4-b869a6e7d68e"
360567,2714,"869688052072453","2023-08-23 19:34:26.09175+00","2023-08-21 14:51:34+00",53.220426,50.228936,15,0,103,55,233,86,98,1817,"fdd086b3-49b2-477d-b59a-a266e6fbf090"
360568,2714,"869688052072453","2023-08-23 19:34:36.485672+00","2023-08-21 14:51:39+00",53.220033,50.228146,15,0,105,40.9,232.7,86,98,1067,"fed4a53e-63c9-4fed-8738-8df1dd282d62"
360572,2714,"869688052072453","2023-08-23 19:35:18.592762+00","2023-08-21 14:51:44+00",53.219705,50.227436,15,0,107,46.8,233.2,86,98,2238,"46481be8-ecda-4c99-aa2a-f30635ee51e3"
360574,2714,"869688052072453","2023-08-23 19:35:39.810464+00","2023-08-21 14:51:49+00",53.219343,50.22669,15,0,110,36.4,230.9,86,98,1051,"e2dec264-5c3c-4ca6-8227-75063546a0c8"
360575,2714,"869688052072453","2023-08-23 19:35:50.366793+00","2023-08-21 14:51:54+00",53.219095,50.226168,14,0,112,31.2,232.5,86,98,2176,"8d55289d-a445-40a6-99d8-eedb7b58e132"
360576,2714,"869688052072453","2023-08-23 19:36:00.943468+00","2023-08-21 14:51:55+00",53.219048,50.226063,14,0,112,31.6,231.5,84,98,2194,"cd047ed9-1393-4439-8d6c-15c9effba22d"
360578,2714,"869688052072453","2023-08-23 19:36:22.427236+00","2023-08-21 14:52:00+00",53.218773,50.225398,15,0,112,42.2,235.4,84,98,2025,"9e47a86d-d64c-4c93-bc7b-dfbf3db813cb"
360580,2714,"869688052072453","2023-08-23 19:36:43.444234+00","2023-08-21 14:52:05+00",53.218391,50.224566,13,0,114,52.7,230.6,84,98,1653,"92cf39f6-06c1-4d2a-8cd5-3ba718e365d9"
360582,2714,"869688052072453","2023-08-23 19:37:04.577052+00","2023-08-21 14:52:10+00",53.217975,50.223641,13,0,115,55.1,232.2,84,99,1815,"e2e859cc-6a93-4274-9912-680d862ee9ae"
360584,2714,"869688052072453","2023-08-23 19:37:25.62067+00","2023-08-21 14:52:15+00",53.217635,50.222868,14,0,114,32.2,232.4,84,99,1004,"9bdba881-eaaa-4977-af91-b277f2f969a0"
360586,2714,"869688052072453","2023-08-23 19:37:47.151515+00","2023-08-21 14:52:20+00",53.217468,50.222516,15,0,115,10,229.7,84,99,942,"cd00ad36-736c-4e95-a6ef-d427690bb30b"
360588,2714,"869688052072453","2023-08-23 19:38:08.150099+00","2023-08-21 14:52:22+00",53.217445,50.222478,15,0,116,4,225.6,84,100,970,"8549da5e-ca18-42ed-b3c4-4b05dc236c47"
360593,2714,"869688052072453","2023-08-23 19:39:00.537287+00","2023-08-21 14:52:34+00",53.217445,50.222478,15,0,116,0,225.6,84,100,1597,"199529de-d71c-4fb8-b2ab-93b6ec7104ce"
360594,2714,"869688052072453","2023-08-23 19:39:11.139927+00","2023-08-21 14:52:35+00",53.217398,50.22224,15,0,114,16.4,233.9,84,100,1767,"de2191cd-e40f-41fd-ab18-8e3578a9bd2a"
360596,2714,"869688052072453","2023-08-23 19:39:32.37183+00","2023-08-21 14:52:39+00",53.217293,50.222035,15,0,113,16.8,221.9,84,100,2006,"4e11779d-dd66-4255-8407-529b783c2848"
360597,2714,"869688052072453","2023-08-23 19:39:42.857144+00","2023-08-21 14:52:41+00",53.217196,50.221963,15,0,113,22,196.5,84,100,2753,"32add6cc-8054-464e-9562-fb0d696c48a2"
360598,2714,"869688052072453","2023-08-23 19:39:53.299088+00","2023-08-21 14:52:40+00",53.21725,50.221991,15,0,113,20.7,210,84,100,2273,"32add6cc-8054-464e-9562-fb0d696c48a2"
360600,2714,"869688052072453","2023-08-23 19:40:14.426295+00","2023-08-21 14:52:43+00",53.217063,50.22198,15,0,112,31.1,167.3,84,100,1773,"e3af7ee9-d063-4740-8e71-768cf6764fe3"
360601,2714,"869688052072453","2023-08-23 19:40:24.789894+00","2023-08-21 14:52:42+00",53.217135,50.221958,15,0,112,25.5,181.7,84,100,2359,"e3af7ee9-d063-4740-8e71-768cf6764fe3"
360603,2714,"869688052072453","2023-08-23 19:40:45.89918+00","2023-08-21 14:52:45+00",53.216896,50.22211,15,0,111,40.1,148.6,84,100,2608,"7663866a-dc35-405f-aab5-7fe6a50ce94c"
360604,2714,"869688052072453","2023-08-23 19:40:56.301025+00","2023-08-21 14:52:44+00",53.216981,50.222031,15,0,112,36.8,156.3,84,100,2182,"7663866a-dc35-405f-aab5-7fe6a50ce94c"
360605,2714,"869688052072453","2023-08-23 19:41:07.237186+00","2023-08-21 14:52:55+00",53.215798,50.223396,15,0,106,61.6,142.8,84,99,1993,"1dcbe7a1-0bed-4c45-9526-53086cf19d2f"
360606,2714,"869688052072453","2023-08-23 19:41:17.725878+00","2023-08-21 14:52:50+00",53.2164,50.222661,15,0,109,54.8,145.9,84,99,2507,"1dcbe7a1-0bed-4c45-9526-53086cf19d2f"
360608,2714,"869688052072453","2023-08-23 19:41:38.691005+00","2023-08-21 14:53:00+00",53.215166,50.224173,15,0,103,63.8,143.2,84,99,2091,"6fde0159-e1fd-402f-ae6c-a0a43d6b4ce7"
360610,2714,"869688052072453","2023-08-23 19:41:59.427927+00","2023-08-21 14:53:05+00",53.214525,50.225001,15,0,101,66.3,142.1,84,98,1815,"e110bca9-453a-45ca-9e69-fe988b068bee"
360613,2714,"869688052072453","2023-08-23 19:42:30.787217+00","2023-08-21 14:53:10+00",53.213866,50.225821,15,0,97,63.3,142.9,84,97,963,"1865ed48-3011-460a-87c2-7c1003104f31"
360616,2714,"869688052072453","2023-08-23 19:43:02.822616+00","2023-08-21 14:53:15+00",53.213355,50.226458,15,0,94,47.4,142.7,84,97,919,"ad96f68a-1382-4b43-a329-f42c01339d6d"
360618,2714,"869688052072453","2023-08-23 19:43:23.997687+00","2023-08-21 14:53:20+00",53.21297,50.226943,14,0,91,29,142.4,84,97,970,"2b79ccb8-819e-41cc-b8cc-663f4112ade8"
360620,2714,"869688052072453","2023-08-23 19:43:45.014068+00","2023-08-21 14:53:25+00",53.212825,50.227123,15,0,91,4,142.9,84,97,920,"23847881-66f3-4dd4-a11b-198d72e9c28e"
360623,2714,"869688052072453","2023-08-23 19:44:16.534976+00","2023-08-21 14:53:27+00",53.212825,50.227123,15,0,91,0,142.9,84,96,817,"0077735e-fbfb-4827-b771-973cd74ad00c"
360631,2714,"869688052072453","2023-08-23 19:45:40.829148+00","2023-08-21 14:54:05+00",53.212825,50.227123,15,0,91,0,142.9,84,99,1400,"aeec83fb-6774-438b-a188-1cba01e73e95"
360633,2714,"869688052072453","2023-08-23 19:46:01.826015+00","2023-08-21 14:54:10+00",53.212568,50.227441,15,0,89,30.1,142.3,84,100,1909,"87b702e2-6ca6-43d9-870d-61f0ae82efb3"
360635,2714,"869688052072453","2023-08-23 19:46:23.164468+00","2023-08-21 14:54:15+00",53.21218,50.227936,15,0,87,45.3,142.8,84,101,2039,"c5b0b5f0-a416-4311-a6f0-59406b53791a"
360637,2714,"869688052072453","2023-08-23 19:46:44.08657+00","2023-08-21 14:54:20+00",53.21168,50.22856,15,0,84,52,142.8,84,101,2457,"b53c85c7-3c36-4291-a215-b9bd7939f20b"
360641,2714,"869688052072453","2023-08-23 19:47:25.895723+00","2023-08-21 14:54:25+00",53.211165,50.229225,15,0,82,52.4,141.1,84,101,2470,"bbdf13a9-ae11-4587-b844-55c11a27fa13"
360643,2714,"869688052072453","2023-08-23 19:47:47.240311+00","2023-08-21 14:54:30+00",53.210666,50.229863,15,0,80,47,142.7,84,100,1154,"4e90bbb1-9079-4830-8c37-1a72f74b9c97"
360645,2714,"869688052072453","2023-08-23 19:48:08.183877+00","2023-08-21 14:54:35+00",53.21026,50.230383,15,0,78,36.4,142.7,84,100,988,"fc75734c-73d8-411e-a0e2-21bf0ac87a49"
360648,2714,"869688052072453","2023-08-23 19:48:39.354283+00","2023-08-21 14:54:40+00",53.210016,50.230691,15,0,77,18.1,143.1,84,100,946,"89a2dd37-09e6-43d2-9ff8-c804f5bcbf67"
360652,2714,"869688052072453","2023-08-23 19:49:20.903378+00","2023-08-21 14:54:46+00",53.209921,50.230808,15,0,76,0,144.2,84,99,830,"bd70d5d5-4927-4a32-a56c-adecbc057b74"
360653,2714,"869688052072453","2023-08-23 19:49:31.579148+00","2023-08-21 14:54:45+00",53.209928,50.230798,15,0,76,5,144.2,84,99,818,"bd70d5d5-4927-4a32-a56c-adecbc057b74"
360660,2714,"869688052072453","2023-08-23 19:50:43.814522+00","2023-08-21 14:55:10+00",53.209921,50.230808,15,0,76,0,144.2,84,98,1485,"54317a9f-f673-48e2-b53a-2ed3ca010a6b"
360663,2714,"869688052072453","2023-08-23 19:51:15.09872+00","2023-08-21 14:55:15+00",53.209683,50.231111,15,0,77,31.4,143,84,97,1876,"cc84b0f6-57b0-4237-9f75-0f5f48192816"
360665,2714,"869688052072453","2023-08-23 19:51:35.547258+00","2023-08-21 14:55:20+00",53.209283,50.231618,15,0,75,48.5,141.9,84,96,2135,"5f05510f-7267-41d1-a167-f288ea59a4d4"
360668,2714,"869688052072453","2023-08-23 19:52:06.544897+00","2023-08-21 14:55:25+00",53.208746,50.232308,15,0,72,56.8,142.7,84,97,1835,"196f9e29-0a05-403c-ada4-35282c65cf0a"
360670,2714,"869688052072453","2023-08-23 19:52:27.099473+00","2023-08-21 14:55:30+00",53.208226,50.23297,15,0,71,50,142.4,84,97,982,"8b87a994-4787-492a-8eb9-f72c0bec0658"
360672,2714,"869688052072453","2023-08-23 19:52:47.995012+00","2023-08-21 14:55:35+00",53.207756,50.233566,15,0,69,44.6,142.7,84,98,961,"84185e8a-750d-4ecb-b388-7559acb88c67"
360674,2714,"869688052072453","2023-08-23 19:53:08.555863+00","2023-08-21 14:55:40+00",53.207378,50.234043,14,0,68,31.2,143.4,84,98,938,"a8e4d30a-1a45-4a21-8bbc-de742c398809"
360676,2714,"869688052072453","2023-08-23 19:53:28.98631+00","2023-08-21 14:55:45+00",53.207051,50.234453,15,0,67,37.7,142.8,84,98,1738,"dffefdb3-3ca2-4a0f-914c-c2c64dc281f1"
360678,2714,"869688052072453","2023-08-23 19:53:49.679334+00","2023-08-21 14:55:50+00",53.206653,50.234971,15,0,66,40.9,140.4,84,98,1511,"949b5c2a-a205-462c-b644-44739358e1df"
360679,2714,"869688052072453","2023-08-23 19:53:59.981749+00","2023-08-21 14:55:55+00",53.206435,50.23527,15,0,65,8.1,142,84,98,919,"95ee3d25-3195-4971-b4ae-83c706c25e7c"
360682,2714,"869688052072453","2023-08-23 19:54:31.583348+00","2023-08-21 14:56:00+00",53.20635,50.235378,15,0,65,12.4,143.3,84,99,1332,"54b3e196-91e4-4d3a-bbda-656bdcbcbe10"
360684,2714,"869688052072453","2023-08-23 19:54:52.432505+00","2023-08-21 14:56:05+00",53.206203,50.235561,15,0,64,10.3,142.8,84,99,1832,"92e2be8a-a958-4736-b486-0b3f74d2846e"
360686,2714,"869688052072453","2023-08-23 19:55:13.332583+00","2023-08-21 14:56:07+00",53.206181,50.23559,15,0,65,2.7,143.1,84,99,1217,"b14f8b46-87ee-4375-9943-a9faf93c4298"
360692,2714,"869688052072453","2023-08-23 19:56:15.986788+00","2023-08-21 14:56:30+00",53.206181,50.23559,15,0,65,0,143.1,84,101,1504,"9684b7bd-4174-4d08-9085-8df3061e3b3f"
360694,2714,"869688052072453","2023-08-23 19:56:36.663222+00","2023-08-21 14:56:35+00",53.20585,50.236016,15,0,63,22.4,143.2,84,100,2032,"7b6dac6c-f1eb-424e-920f-eae9f06d9382"
360698,2714,"869688052072453","2023-08-23 19:57:18.303486+00","2023-08-21 14:56:40+00",53.205653,50.236273,15,0,62,15.5,139.9,84,100,946,"82ecd118-65c2-4186-b108-a63a67ffaf9d"
360700,2714,"869688052072453","2023-08-23 19:57:39.105896+00","2023-08-21 14:56:45+00",53.205583,50.236368,15,0,62,6.6,140.2,84,100,1629,"bbd2c199-60cf-497f-ae81-97cf724cd320"
360704,2714,"869688052072453","2023-08-23 19:58:21.028241+00","2023-08-21 14:56:50+00",53.205495,50.236516,15,0,61,11.6,133.2,84,99,1256,"3a68063c-4cf9-42c7-ac82-6b83ed743e51"
360706,2714,"869688052072453","2023-08-23 19:58:41.887498+00","2023-08-21 14:56:54+00",53.205413,50.236713,15,0,61,18.7,115.5,84,99,2178,"07d5addd-0c31-40f6-bbad-dd2309f3a535"
360707,2714,"869688052072453","2023-08-23 19:58:52.210186+00","2023-08-21 14:56:56+00",53.205403,50.236893,15,0,60,24.2,87.5,84,99,1537,"07b27f46-267b-4254-a8f0-e3e7b06d5534"
360708,2714,"869688052072453","2023-08-23 19:59:02.546655+00","2023-08-21 14:56:55+00",53.205403,50.236795,15,0,60,20.5,101.4,84,99,1946,"07b27f46-267b-4254-a8f0-e3e7b06d5534"
360709,2714,"869688052072453","2023-08-23 19:59:13.0892+00","2023-08-21 14:56:58+00",53.205453,50.23711,15,0,59,29.8,62.9,84,99,1859,"97fc437c-25e0-43c4-9c9e-9d95deddf05a"
360710,2714,"869688052072453","2023-08-23 19:59:23.755873+00","2023-08-21 14:56:57+00",53.20542,50.237,15,0,60,26.8,74,84,99,1750,"97fc437c-25e0-43c4-9c9e-9d95deddf05a"
360715,2714,"869688052072453","2023-08-23 20:00:15.717473+00","2023-08-21 14:57:00+00",53.205545,50.237335,15,0,58,32.7,54.6,84,99,2104,"66921fe8-acf7-46fb-a1dd-dbf6dc757388"
360718,2714,"869688052072453","2023-08-23 20:00:46.903493+00","2023-08-21 14:57:10+00",53.206145,50.238661,12,0,52,42.5,51.8,84,98,1433,"943e3ae7-dc1a-46bc-862a-9f1b11e71796"
360719,2714,"869688052072453","2023-08-23 20:00:57.324163+00","2023-08-21 14:57:05+00",53.205845,50.238025,13,0,54,46.4,55.8,84,98,2167,"943e3ae7-dc1a-46bc-862a-9f1b11e71796"
360720,2714,"869688052072453","2023-08-23 20:01:08.25631+00","2023-08-21 14:57:14+00",53.206288,50.239071,12,0,50,13.8,89.3,84,98,898,"eaffd8b2-ef64-441f-ae07-ca8565a1a2b4"
360721,2714,"869688052072453","2023-08-23 20:01:18.619657+00","2023-08-21 14:57:13+00",53.20629,50.239015,12,0,51,14.4,61.6,84,98,994,"eaffd8b2-ef64-441f-ae07-ca8565a1a2b4"
360723,2714,"869688052072453","2023-08-23 20:01:39.622173+00","2023-08-21 14:57:17+00",53.206275,50.239115,12,0,50,0,103.5,84,98,915,"2873a7c3-0c52-41b8-acce-f383d5811b21"
360724,2714,"869688052072453","2023-08-23 20:01:49.922658+00","2023-08-21 14:57:16+00",53.206275,50.239115,12,0,50,0,103.5,84,98,909,"2873a7c3-0c52-41b8-acce-f383d5811b21"
360725,2714,"869688052072453","2023-08-23 20:02:00.27762+00","2023-08-21 14:57:15+00",53.206275,50.239115,12,0,50,10.7,103.5,84,98,1016,"2873a7c3-0c52-41b8-acce-f383d5811b21"
360726,2714,"869688052072453","2023-08-23 20:02:10.981922+00","2023-08-21 14:57:18+00",53.206228,50.239175,14,0,50,5.3,138.6,84,98,906,"572cf535-7968-49a3-bd6d-c7b1b5dbcc6b"
360728,2714,"869688052072453","2023-08-23 20:02:32.013848+00","2023-08-21 14:57:23+00",53.206165,50.239268,14,0,50,6.8,139.5,84,99,1021,"ec5810b5-3b19-4006-bf9c-dc397e68a028"
360731,2714,"869688052072453","2023-08-23 20:03:04.021532+00","2023-08-21 14:57:28+00",53.206101,50.23935,15,0,50,6.6,144.6,84,99,1134,"b9c0b790-60b9-41cf-b1a0-b6f00e51db49"
360733,2714,"869688052072453","2023-08-23 20:03:25.100211+00","2023-08-21 14:57:33+00",53.205995,50.23949,15,0,49,8.5,144.6,84,99,1207,"09d2546e-9429-45c7-b239-efcacfcc1277"
360735,2714,"869688052072453","2023-08-23 20:03:46.177257+00","2023-08-21 14:57:34+00",53.205978,50.23952,15,0,50,8.1,137,84,99,1260,"b4ed174f-391e-449c-a23c-ae479ac018b3"
360736,2714,"869688052072453","2023-08-23 20:03:56.586701+00","2023-08-21 14:57:38+00",53.20592,50.239585,15,0,49,7.2,173.6,84,100,956,"0a9bcac9-f983-4e6a-9695-54a88efa3406"
360738,2714,"869688052072453","2023-08-23 20:04:17.780304+00","2023-08-21 14:57:40+00",53.20589,50.239571,15,0,49,5.3,202,84,100,1784,"c15a0628-ae17-4577-ab02-05d7491c99bb"
360739,2714,"869688052072453","2023-08-23 20:04:28.60177+00","2023-08-21 14:57:42+00",53.205866,50.23953,15,0,49,7.7,232.9,84,101,1096,"bc5bdd74-7769-4c4d-ac08-bcf72393bb22"
360740,2714,"869688052072453","2023-08-23 20:04:39.197987+00","2023-08-21 14:57:41+00",53.205878,50.239555,15,0,49,6.1,217.1,84,101,1180,"bc5bdd74-7769-4c4d-ac08-bcf72393bb22"
360742,2714,"869688052072453","2023-08-23 20:05:00.33049+00","2023-08-21 14:57:45+00",53.205861,50.239468,15,0,47,9.4,268.8,84,101,1330,"31056649-a8a0-46a1-9709-a564052068f8"
360743,2714,"869688052072453","2023-08-23 20:05:11.012502+00","2023-08-21 14:57:48+00",53.205828,50.239353,15,0,49,9.4,243,84,101,1432,"cc574370-c55a-4e1f-a25a-1f924fce2fbc"
360744,2714,"869688052072453","2023-08-23 20:05:21.512071+00","2023-08-21 14:57:47+00",53.205846,50.239386,15,0,48,10,257.2,84,101,1375,"cc574370-c55a-4e1f-a25a-1f924fce2fbc"
360746,2714,"869688052072453","2023-08-23 20:05:42.691967+00","2023-08-21 14:57:50+00",53.205791,50.239281,15,0,49,10.3,234.4,84,101,1543,"469cfc9a-2c88-4e57-bd4d-28f9449b9d08"
360747,2714,"869688052072453","2023-08-23 20:05:53.242265+00","2023-08-21 14:57:53+00",53.205731,50.239181,15,0,49,10,219.9,84,101,1563,"7d6a60b6-fcc7-4bea-a091-52d5ebf0381f"
360748,2714,"869688052072453","2023-08-23 20:06:04.180247+00","2023-08-21 14:57:52+00",53.205766,50.239248,15,0,49,0,229.3,84,101,1525,"7d6a60b6-fcc7-4bea-a091-52d5ebf0381f"
360749,2714,"869688052072453","2023-08-23 20:06:14.783573+00","2023-08-21 14:57:51+00",53.205766,50.239248,15,0,49,11.8,229.3,84,101,1525,"7d6a60b6-fcc7-4bea-a091-52d5ebf0381f"
360751,2714,"869688052072453","2023-08-23 20:06:35.718441+00","2023-08-21 14:57:58+00",53.205623,50.239028,15,0,48,10.5,225.2,84,100,1450,"5c43460b-3a7f-46d0-a24f-0e9ee53a1955"
360753,2714,"869688052072453","2023-08-23 20:06:56.933949+00","2023-08-21 14:58:03+00",53.205511,50.238835,15,0,49,11.1,228.9,84,100,1498,"a5c398d8-586c-46a5-b4e8-90deaff1350c"
360755,2714,"869688052072453","2023-08-23 20:07:18.215081+00","2023-08-21 14:58:06+00",53.205451,50.238761,15,0,50,9.8,191.6,84,100,1498,"eabebb7e-465f-4294-9389-62fb37987fd6"
360756,2714,"869688052072453","2023-08-23 20:07:28.718059+00","2023-08-21 14:58:07+00",53.205426,50.238763,15,0,51,10.1,183.2,84,100,1596,"1987b6d0-208f-48ab-9b7b-adb768b47294"
360758,2714,"869688052072453","2023-08-23 20:07:50.463963+00","2023-08-21 14:58:09+00",53.205365,50.238796,15,0,52,11.8,155.9,84,99,1582,"1ffcee97-3a54-4b4c-8f72-ff74e0085b75"
360759,2714,"869688052072453","2023-08-23 20:08:00.939601+00","2023-08-21 14:58:08+00",53.205398,50.238775,15,0,51,10.1,168,84,100,1562,"1ffcee97-3a54-4b4c-8f72-ff74e0085b75"
360760,2714,"869688052072453","2023-08-23 20:08:11.446096+00","2023-08-21 14:58:12+00",53.205278,50.23885,15,0,53,9.8,160.1,84,99,1244,"d9664e2d-a683-4eb4-bb60-11ba5fcef4e1"
360761,2714,"869688052072453","2023-08-23 20:08:21.873184+00","2023-08-21 14:58:10+00",53.205336,50.238815,15,0,52,12.7,147.3,84,99,1624,"d9664e2d-a683-4eb4-bb60-11ba5fcef4e1"
360763,2714,"869688052072453","2023-08-23 20:08:42.987867+00","2023-08-21 14:58:14+00",53.205233,50.238831,15,0,52,7.4,184,84,99,1006,"7e87e127-b8b7-479e-9688-3bac40351cbe"
360764,2714,"869688052072453","2023-08-23 20:08:53.433207+00","2023-08-21 14:58:13+00",53.205253,50.238845,15,0,52,8.5,168.2,84,99,1109,"7e87e127-b8b7-479e-9688-3bac40351cbe"
360765,2714,"869688052072453","2023-08-23 20:09:04.014891+00","2023-08-21 14:58:16+00",53.205203,50.23878,15,0,52,6.4,216.6,84,99,929,"68e3d4f0-8086-4060-82f5-95632966caa5"
360766,2714,"869688052072453","2023-08-23 20:09:14.53552+00","2023-08-21 14:58:15+00",53.205216,50.238806,15,0,52,7.2,209.5,84,99,928,"68e3d4f0-8086-4060-82f5-95632966caa5"
360768,2714,"869688052072453","2023-08-23 20:09:35.688961+00","2023-08-21 14:58:19+00",53.20515,50.238745,15,0,52,6.1,193,84,99,1056,"d58f8eac-5f2b-45d3-a491-c1eb8386ae32"
360770,2714,"869688052072453","2023-08-23 20:09:56.809664+00","2023-08-21 14:58:23+00",53.205086,50.238713,15,0,50,5.1,205,84,99,948,"9b822e29-67ab-417a-95ba-f5145d0d923c"
360773,2714,"869688052072453","2023-08-23 20:10:28.209714+00","2023-08-21 14:58:26+00",53.205051,50.238666,15,0,49,4.2,232.2,84,99,951,"ede94027-0117-4ce7-a029-c1e9ea94c841"
360774,2714,"869688052072453","2023-08-23 20:10:38.774704+00","2023-08-21 14:58:25+00",53.205061,50.238683,15,0,49,5.5,216.1,84,99,965,"ede94027-0117-4ce7-a029-c1e9ea94c841"
360776,2714,"869688052072453","2023-08-23 20:11:00.0526+00","2023-08-21 14:58:31+00",53.20504,50.238651,14,0,50,0,234.5,84,98,908,"05e30d6a-516a-4f18-b0ec-a1f8f51ffb00"
360777,2714,"869688052072453","2023-08-23 20:11:11.20878+00","2023-08-21 14:58:32+00",53.20504,50.238651,14,0,50,0,234.5,84,98,942,"e2cb60f4-94d3-4763-8710-91602727466b"
360781,2714,"869688052072453","2023-08-23 20:11:53.097509+00","2023-08-21 14:58:40+00",53.20504,50.238651,14,0,50,0,234.5,84,98,0,"809ec900-321c-4eda-a1dc-0626786959c4"
360787,2714,"869688052072453","2023-08-23 20:12:56.593442+00","2023-08-21 14:58:53+00",53.20504,50.238651,15,0,50,0,234.5,84,98,0,"170a1b6b-86ee-47e3-86e4-c79d37dd192b"
360790,2714,"869688052072453","2023-08-23 20:13:28.258935+00","2023-08-21 14:58:59+00",53.20504,50.238651,15,0,50,0,234.5,84,98,0,"d3cb9e2d-569f-402b-8c26-7898d83d1a81"
360794,2714,"869688052072453","2023-08-23 20:14:10.115235+00","2023-08-21 14:59:09+00",53.20504,50.238651,15,0,50,0,234.5,84,98,0,"b45e8c96-a183-49f6-bc9b-549662e4c580"
360797,2714,"869688052072453","2023-08-23 20:14:42.010352+00","2023-08-21 14:59:14+00",53.20504,50.238651,15,0,50,0,234.5,84,98,0,"376e6f2b-5738-44af-8786-2355c0fc822c"
360799,2714,"869688052072453","2023-08-23 20:15:02.886949+00","2023-08-21 14:59:18+00",53.20504,50.238651,15,0,50,0,234.5,84,98,0,"b589c175-7057-49c2-80a8-ed8190631d6e"
360801,2714,"869688052072453","2023-08-23 20:15:23.824918+00","2023-08-21 14:59:19+00",53.20504,50.238651,15,0,50,0,234.5,84,98,0,"432d521d-067f-4df3-9b66-182c359cee18"
360802,2714,"869688052072453","2023-08-23 20:15:34.23974+00","2023-08-21 14:59:24+00",53.20504,50.238651,15,0,50,0,234.5,84,98,0,"6e45fe39-3619-48a7-a9b6-6b4069e5238f"
360835,2714,"869688052072453","2023-08-23 20:21:21.845345+00","2023-08-21 15:01:24+00",53.20504,50.238651,15,0,50,0,234.5,84,98,0,"d6d6aec2-731b-476b-9253-432eea62b809"
360871,2714,"869688052072453","2023-08-23 20:27:42.249286+00","2023-08-21 15:03:24+00",53.20504,50.238651,15,0,50,0,234.5,84,-40,0,"d07d9575-0371-47ab-aa71-da29b848eb91"
360905,2714,"869688052072453","2023-08-23 20:33:40.425179+00","2023-08-21 15:05:24+00",53.20504,50.238651,15,0,50,0,234.5,84,-40,0,"e44072ba-b2da-4a70-bc72-687988aa11d2"
360939,2714,"869688052072453","2023-08-23 20:39:41.31626+00","2023-08-21 15:07:24+00",53.20504,50.238651,15,0,50,0,234.5,84,-40,0,"227dc0c7-50c3-4b51-81ba-6db5b2febdf1"
360974,2714,"869688052072453","2023-08-23 20:45:51.054645+00","2023-08-21 15:09:24+00",53.20504,50.238651,15,0,50,0,234.5,84,-40,0,"934371e0-00b0-4d68-bf66-d16700328484"
361007,2714,"869688052072453","2023-08-23 20:51:38.429009+00","2023-08-21 15:11:24+00",53.20504,50.238651,15,0,50,0,234.5,84,-40,0,"34ec59e2-b1e3-43ee-b8a4-3e37a451b189"
361040,2714,"869688052072453","2023-08-23 20:57:26.476946+00","2023-08-21 15:13:24+00",53.20504,50.238651,15,0,50,0,234.5,84,-40,0,"c80c0d2b-0198-46d9-98ff-6118e3c72c8f"
361074,2714,"869688052072453","2023-08-23 21:03:27.487636+00","2023-08-21 15:15:24+00",53.20504,50.238651,15,0,50,0,234.5,84,-40,0,"05fda73f-9a53-463b-be58-47b0135dd9e0"
361112,2714,"869688052072453","2023-08-23 21:10:10.128323+00","2023-08-21 15:17:24+00",53.20504,50.238651,15,0,50,0,234.5,84,-40,0,"0ee6b70f-5b66-48d6-a781-07e84e3b25c3"
361162,2714,"869688052072453","2023-08-23 21:18:59.059042+00","2023-08-21 15:19:24+00",53.20504,50.238651,15,0,50,0,234.5,84,-40,0,"8e7e66ae-e9af-4ce2-a17d-61d0c277ada0"
361210,2714,"869688052072453","2023-08-23 21:27:27.361729+00","2023-08-21 15:21:24+00",53.20504,50.238651,15,0,50,0,234.5,84,-40,0,"fd9bb3b2-8d68-4e3d-8c82-38b0ee350695"
361272,2714,"869688052072453","2023-08-23 21:38:22.462203+00","2023-08-21 15:23:24+00",53.20504,50.238651,15,0,50,0,234.5,84,-40,0,"df9476db-5d57-46de-8438-5d336f3e5bb4"
361327,2714,"869688052072453","2023-08-23 21:48:04.314926+00","2023-08-21 15:25:24+00",53.20504,50.238651,15,0,50,0,234.5,84,-40,0,"a7ebb8c5-f3b6-478d-9dd5-202c0ef8f68e"
361381,2714,"869688052072453","2023-08-23 21:57:34.398879+00","2023-08-21 15:27:24+00",53.20504,50.238651,15,0,50,0,234.5,84,-40,0,"247200cd-7b98-4daa-80fe-dc59c8b70732"
361430,2714,"869688052072453","2023-08-23 22:06:12.174936+00","2023-08-21 15:29:24+00",53.20504,50.238651,15,0,50,0,234.5,84,-40,0,"e8e5b6ab-48dd-4e11-b4b5-1e0ad1c53355"
361490,2714,"869688052072453","2023-08-23 22:16:44.040101+00","2023-08-21 15:31:24+00",53.20504,50.238651,15,0,50,0,234.5,84,-40,0,"371c4dee-3944-4d4f-89c6-0fbc0c313651"
361550,2714,"869688052072453","2023-08-23 22:27:14.955163+00","2023-08-21 15:33:24+00",53.20504,50.238651,15,0,50,0,234.5,84,-40,0,"e62446cb-a045-46be-b295-994c7383db2b"
361607,2714,"869688052072453","2023-08-23 22:37:14.435804+00","2023-08-21 15:35:24+00",53.20504,50.238651,15,0,50,0,234.5,84,-40,0,"fe3c1446-9480-4fb7-a73b-2419f36c5a65"
361621,2714,"869688052072453","2023-08-23 22:39:42.621649+00","2023-08-21 15:37:24+00",53.20504,50.238651,15,0,50,0,234.5,84,-40,0,"0300414e-e2e2-4291-b5e8-6b3504f1d781"
361644,2714,"869688052072453","2023-08-23 22:43:44.519006+00","2023-08-21 15:39:24+00",53.20504,50.238651,15,0,50,0,234.5,84,-40,0,"095822de-3060-4e96-8d78-2bfb25b86f22"
361679,2714,"869688052072453","2023-08-23 22:49:53.424728+00","2023-08-21 15:41:24+00",53.20504,50.238651,15,0,50,0,234.5,84,-40,0,"505f9c9a-3979-4bb0-bf74-f191b7a3e407"
361689,2714,"869688052072453","2023-08-23 22:51:38.796909+00","2023-08-21 15:43:24+00",53.20504,50.238651,15,0,50,0,234.5,84,-40,0,"e4586f51-0295-4999-9f1b-9e03174cbe44"
361699,2714,"869688052072453","2023-08-23 22:53:24.108371+00","2023-08-21 15:45:24+00",53.20504,50.238651,15,0,50,0,234.5,84,-40,0,"0a14a027-25cd-4dc4-aaec-97010bb62dad"
361709,2714,"869688052072453","2023-08-23 22:55:10.076311+00","2023-08-21 15:47:24+00",53.20504,50.238651,15,0,50,0,234.5,84,-40,0,"90670ade-808b-4cc0-9d0e-870245c5a73e"
361719,2714,"869688052072453","2023-08-23 22:56:55.791294+00","2023-08-21 15:49:24+00",53.20504,50.238651,15,0,50,0,234.5,84,-40,0,"f033a6bc-1c86-4814-98dc-22baeb96b750"
361729,2714,"869688052072453","2023-08-23 22:58:41.132054+00","2023-08-21 15:51:24+00",53.20504,50.238651,15,0,50,0,234.5,84,-40,0,"03caf720-c42e-4ae8-b4a0-5dc59f2ba769"
361742,2714,"869688052072453","2023-08-23 23:00:58.57195+00","2023-08-21 15:53:24+00",53.20504,50.238651,15,0,50,0,234.5,84,-40,0,"ec07bbae-9c07-492c-b57b-f787e40acb9f"
361752,2714,"869688052072453","2023-08-23 23:02:44.465879+00","2023-08-21 15:55:24+00",53.20504,50.238651,15,0,50,0,234.5,84,-40,0,"03289185-0c7c-44b4-b283-e91d95c30523"
361762,2714,"869688052072453","2023-08-23 23:04:29.778389+00","2023-08-21 15:57:24+00",53.20504,50.238651,15,0,50,0,234.5,84,-40,0,"f3d27fe7-2255-4586-81f7-d988d82c3a09"
361772,2714,"869688052072453","2023-08-23 23:06:15.86312+00","2023-08-21 15:59:24+00",53.20504,50.238651,15,0,50,0,234.5,84,-40,0,"b426f2c9-533b-4889-bc46-e137f02eb905"
361782,2714,"869688052072453","2023-08-23 23:08:01.930344+00","2023-08-21 16:01:24+00",53.20504,50.238651,15,0,50,0,234.5,84,-40,0,"edb01b85-1486-4bcd-81ff-00c8ed7a2867"
361792,2714,"869688052072453","2023-08-23 23:09:48.431606+00","2023-08-21 16:03:24+00",53.20504,50.238651,15,0,50,0,234.5,84,-40,0,"38b7665f-5f40-4fcf-9e95-09aed0c61f58"
361802,2714,"869688052072453","2023-08-23 23:11:34.251883+00","2023-08-21 16:05:24+00",53.20504,50.238651,15,0,50,0,234.5,84,-40,0,"76e11b2a-c177-4dc5-bd31-4907f2ce6a09"
361812,2714,"869688052072453","2023-08-23 23:13:19.946667+00","2023-08-21 16:07:24+00",53.20504,50.238651,15,0,50,0,234.5,84,-40,0,"fb5c3391-897f-4db9-b9a9-d607dcde1700"
361824,2714,"869688052072453","2023-08-23 23:15:26.169458+00","2023-08-21 16:09:24+00",53.20504,50.238651,15,0,50,0,234.5,84,-40,0,"74d9210c-1eb1-4482-9723-0945d29ebd33"
361834,2714,"869688052072453","2023-08-23 23:17:12.312174+00","2023-08-21 16:11:24+00",53.20504,50.238651,15,0,50,0,234.5,84,-40,0,"7062fabb-ac5b-47ea-89dc-ddfda9304764"
361844,2714,"869688052072453","2023-08-23 23:18:57.863881+00","2023-08-21 16:13:24+00",53.20504,50.238651,15,0,50,0,234.5,84,-40,0,"b83c13b7-a5bc-438e-9c17-43938da8304f"
361854,2714,"869688052072453","2023-08-23 23:20:43.659327+00","2023-08-21 16:15:24+00",53.20504,50.238651,15,0,50,0,234.5,84,-40,0,"c7a19103-5de8-455c-9bd8-e930e49371b6"
361864,2714,"869688052072453","2023-08-23 23:22:29.167129+00","2023-08-21 16:17:24+00",53.20504,50.238651,15,0,50,0,234.5,84,-40,0,"c0fbd980-ff6d-49f9-817e-b93976ee574e"
361874,2714,"869688052072453","2023-08-23 23:24:15.36762+00","2023-08-21 16:19:24+00",53.20504,50.238651,15,0,50,0,234.5,84,-40,0,"490062e3-4a72-4266-9679-2ba705a4b4a0"
361884,2714,"869688052072453","2023-08-23 23:26:01.333049+00","2023-08-21 16:21:24+00",53.20504,50.238651,15,0,50,0,234.5,84,-40,0,"91d14caf-a51b-44a9-9a5d-863dad5e6f23"
361894,2714,"869688052072453","2023-08-23 23:27:47.22695+00","2023-08-21 16:23:24+00",53.20504,50.238651,15,0,50,0,234.5,84,-40,0,"d9d44116-6932-4ed5-afc8-dfbcb211ee9f"
361907,2714,"869688052072453","2023-08-23 23:30:04.084428+00","2023-08-21 16:25:24+00",53.20504,50.238651,15,0,50,0,234.5,84,-40,0,"8132264c-6d9e-449d-a044-f3d578a30142"
361917,2714,"869688052072453","2023-08-23 23:31:50.362235+00","2023-08-21 16:27:24+00",53.20504,50.238651,15,0,50,0,234.5,84,-40,0,"770ae7a3-8230-41bc-96c3-7ff3fe9439cd"
361927,2714,"869688052072453","2023-08-23 23:33:36.372666+00","2023-08-21 16:29:24+00",53.20504,50.238651,15,0,50,0,234.5,84,-40,0,"3ef6c132-ebe5-481f-8f42-f330ce7a1eed"
361937,2714,"869688052072453","2023-08-23 23:35:21.742403+00","2023-08-21 16:31:24+00",53.20504,50.238651,15,0,50,0,234.5,84,-40,0,"52c21334-6e56-4223-bdb3-78b9ed729300"
